freq (Hz),X (m^2/s^3),Y (m^2/s^3),Z (m^2/s^3)
0.0487554,3.19401,1.57348,0.321508
0.073133,3.35465,2.36544,0.427165
0.0975107,6.81734,4.92735,0.809055
0.121888,4.21608,2.29811,0.458028
0.146266,1.81325,2.64633,0.398991
0.170644,1.00313,1.6677,0.267108
0.195021,1.37205,2.08073,0.327083
0.219399,1.16455,1.19674,0.279365
0.243777,0.386794,0.861025,0.230067
0.268155,0.36713,0.761528,0.155544
0.292532,0.376687,0.959843,0.197987
0.31691,0.438102,0.967567,0.33346
0.341288,0.647736,0.735137,0.271608
0.365665,0.849562,0.448013,0.0824909
0.390043,0.482006,0.458272,0.132842
0.414421,0.647844,0.524,0.163194
0.438798,0.443079,0.559087,0.145495
0.463176,0.449685,0.30744,0.135589
0.487554,0.374392,0.498467,0.246727
0.511931,0.473569,0.463499,0.147379
0.536309,0.583092,0.292238,0.109382
0.560687,0.493058,0.185828,0.152105
0.585064,0.405896,0.210355,0.177154
0.609442,0.344189,0.371229,0.17116
0.63382,0.223195,0.195886,0.113772
0.658197,0.283712,0.180144,0.148692
0.682575,0.333086,0.175547,0.164789
0.706953,0.337568,0.220649,0.227482
0.73133,0.20047,0.210737,0.258218
0.755708,0.171401,0.305469,0.362728
0.780086,0.333824,0.254859,0.269297
0.804464,0.363415,0.307011,0.346301
0.828841,0.259669,0.24323,0.376436
0.853219,0.543693,0.156335,0.39261
0.877597,0.690213,0.183006,0.665384
0.901974,0.210605,0.119811,0.483971
0.926352,0.165925,0.118554,0.224182
0.95073,0.319056,0.304519,0.241384
0.975107,0.405667,0.158463,0.313304
0.999485,0.287181,0.143203,0.160031
1.02386,0.416742,0.133275,0.178994
1.04824,0.207412,0.240233,0.235555
1.07262,0.334091,0.392655,0.523343
1.097,0.319023,0.431962,0.400631
1.12137,0.207425,0.198924,0.388802
1.14575,0.158056,0.3056,0.667693
1.17013,0.252041,0.282744,0.623808
1.19451,0.211695,0.263005,0.875716
1.21888,0.39495,0.407949,1.41286
1.24326,0.573421,0.429466,1.31774
1.26764,0.364936,0.485516,0.888585
1.29202,0.48609,0.871191,0.971492
1.31639,0.551868,0.751459,0.784083
1.34077,0.754116,0.53933,0.72687
1.36515,0.62179,0.243513,0.517073
1.38953,0.601691,0.381009,0.543052
1.41391,0.668032,0.398024,0.838088
1.43828,0.245057,0.505368,0.835317
1.46266,0.227122,0.37934,0.332494
1.48704,0.55766,0.293138,0.710307
1.51142,0.560608,0.663713,1.92395
1.53579,0.696112,0.393724,2.07504
1.56017,0.719097,0.39123,2.28239
1.58455,0.621809,0.569177,1.58313
1.60893,0.338116,0.516098,1.01143
1.6333,0.731986,0.544661,1.42964
1.65768,0.921382,1.02997,2.23812
1.68206,1.12898,1.01187,3.39918
1.70644,0.872521,1.20382,9.95336
1.73082,1.20708,2.30696,31.0969
1.75519,1.93258,2.54068,77.6618
1.77957,2.38254,5.4353,123.18
1.80395,4.76278,6.26335,164.9
1.82833,4.94048,5.84813,143.91
1.8527,5.50979,8.94426,156.284
1.87708,5.38692,11.0364,130.031
1.90146,16.2552,28.708,310.718
1.92584,25.2577,39.5351,372.015
1.95021,27.6611,36.0596,311.757
1.97459,12.5927,18.8659,139.86
1.99897,35.7225,42.6618,344.846
2.02335,26.9226,32.4956,285.089
2.04773,21.5739,41.0529,360.295
2.0721,12.2085,20.2941,214.256
2.09648,21.0017,32.8764,343.995
2.12086,20.9937,27.682,325.796
2.14524,5.05631,7.7919,61.9572
2.16961,2.76963,3.65506,37.6089
2.19399,6.02371,8.12816,50.9226
2.21837,4.78091,5.19272,37.1586
2.24275,1.80637,1.98943,9.89892
2.26712,2.62401,2.09423,10.2628
2.2915,4.75706,2.79812,19.5875
2.31588,1.9596,2.19078,13.5943
2.34026,1.81415,1.60065,10.098
2.36464,1.20138,0.988291,5.80094
2.38901,0.967902,0.962848,5.30653
2.41339,0.876261,0.74224,3.6224
2.43777,0.738945,0.867561,3.39612
2.46215,0.887603,1.40284,8.8561
2.48652,0.680308,0.800538,8.7428
2.5109,0.433245,0.779236,2.21633
2.53528,0.737599,0.67816,4.46945
2.55966,1.09464,1.8749,17.3061
2.58403,1.06268,2.66986,21.7762
2.60841,0.647484,2.47265,19.8032
2.63279,0.297872,1.6567,14.9624
2.65717,0.450723,0.794208,7.69733
2.68155,0.445469,0.646388,3.47401
2.70592,0.573955,0.282373,3.10464
2.7303,0.448256,0.411557,1.42872
2.75468,0.38774,0.219093,1.07768
2.77906,0.473616,0.307718,1.1457
2.80343,0.204337,0.294192,1.44683
2.82781,0.165288,0.224673,0.960612
2.85219,0.184513,0.17751,0.505259
2.87657,0.235721,0.3549,0.898208
2.90094,0.281015,0.231502,0.545221
2.92532,0.535366,0.182158,0.462591
2.9497,0.348655,0.125128,0.861849
2.97408,0.260515,0.0856667,0.759245
2.99845,0.308393,0.140994,0.325293
3.02283,0.253773,0.086807,0.437523
3.04721,0.234879,0.0852957,0.648671
3.07159,0.258138,0.199343,0.718725
3.09597,0.171057,0.35916,0.95133
3.12034,0.277627,0.138943,0.456063
3.14472,0.287629,0.175129,0.227461
3.1691,0.363957,0.199733,0.622533
3.19348,0.320321,0.158946,1.27149
3.21785,0.248128,0.160102,0.689116
3.24223,0.337499,0.115839,0.740378
3.26661,0.425705,0.10008,0.675017
3.29099,0.322524,0.194035,1.00112
3.31536,0.274112,0.0876188,1.03579
3.33974,0.350656,0.0998765,1.27183
3.36412,0.303907,0.106793,0.800269
3.3885,0.286154,0.167565,0.765444
3.41288,0.215341,0.236999,0.768991
3.43725,0.27312,0.239209,1.96887
3.46163,0.316511,0.147306,2.69463
3.48601,0.389436,0.158749,5.23657
3.51039,0.717197,0.188924,16.9843
3.53476,1.17217,0.259564,25.9295
3.55914,1.22572,0.638705,27.7479
3.58352,0.989901,0.355852,13.7953
3.6079,0.585647,0.365802,8.33434
3.63227,0.940173,0.457222,17.2889
3.65665,2.2333,0.654198,29.0025
3.68103,1.7837,0.804813,22.5987
3.70541,1.07629,0.64231,18.3102
3.72979,0.391126,0.431059,7.79894
3.75416,0.474819,0.828515,7.60837
3.77854,1.11065,2.12048,21.2331
3.80292,1.81104,2.76916,22.8495
3.8273,2.34617,3.81777,27.2788
3.85167,1.95033,3.64026,22.2056
3.87605,1.98362,3.84796,20.0314
3.90043,1.17527,1.79909,9.86522
3.92481,0.948802,2.05701,10.0555
3.94918,1.11856,2.37963,11.0111
3.97356,0.832478,2.1107,6.83041
3.99794,0.889674,2.86673,10.1561
4.02232,1.2562,2.53992,13.0999
4.0467,1.27782,2.26677,8.86575
4.07107,1.4663,2.47988,6.98289
4.09545,1.1137,2.49159,7.50649
4.11983,0.442192,2.70746,5.14628
4.14421,0.710368,2.88682,9.93029
4.16858,0.702723,3.02637,10.1059
4.19296,1.17111,4.57631,14.1404
4.21734,0.728032,1.49502,6.50166
4.24172,0.898996,1.04212,3.656
4.26609,0.478474,1.51069,1.5815
4.29047,0.673196,1.18766,2.61828
4.31485,0.374817,1.24565,3.00442
4.33923,0.398908,0.398049,1.65115
4.36361,0.326223,0.490883,1.22345
4.38798,0.423354,0.339478,0.850168
4.41236,0.437258,0.36242,1.02838
4.43674,0.359196,0.355264,1.43624
4.46112,0.299869,0.216247,0.619231
4.48549,0.10162,0.21177,0.41085
4.50987,0.144806,0.264999,0.659564
4.53425,0.126267,0.109105,0.446288
4.55863,0.187742,0.0613742,0.540356
4.583,0.198233,0.174883,0.582854
4.60738,0.123365,0.185856,0.507925
4.63176,0.124214,0.141987,0.491656
4.65614,0.201513,0.0993266,0.328144
4.68051,0.103323,0.103932,0.271394
4.70489,0.0610658,0.0810207,0.223978
4.72927,0.0935409,0.0753297,0.354481
4.75365,0.13044,0.0837107,0.447801
4.77803,0.142339,0.0463131,0.418383
4.8024,0.155484,0.045352,0.229997
4.82678,0.147366,0.0815631,0.271336
4.85116,0.125307,0.0819077,0.203533
4.87554,0.269023,0.143988,0.352964
4.89991,0.146611,0.134526,0.350463
4.92429,0.148105,0.127601,0.383503
4.94867,0.14763,0.120643,0.237255
4.97305,0.198093,0.184663,0.193795
4.99742,0.13515,0.109458,0.347641
5.0218,0.128519,0.0829594,0.262777
5.04618,0.182233,0.145834,0.0994906
5.07056,0.197518,0.172494,0.180345
5.09494,0.165437,0.106161,0.318232
5.11931,0.185882,0.167975,0.310214
5.14369,0.263517,0.247577,0.615888
5.16807,0.320215,0.249048,0.460632
5.19245,0.426726,0.280815,0.484013
5.21682,0.408778,0.301292,0.544683
5.2412,0.395889,0.337443,0.440575
5.26558,0.34882,0.205066,0.868087
5.28996,0.2919,0.173226,0.934578
5.31433,0.252544,0.112809,2.06849
5.33871,0.296868,0.137722,1.7353
5.36309,0.309735,0.0667821,0.990061
5.38747,0.395412,0.152412,0.443005
5.41185,0.326376,0.170914,0.323564
5.43622,0.470038,0.120124,0.980281
5.4606,0.30479,0.158431,1.24447
5.48498,0.378408,0.182336,1.10563
5.50936,0.512019,0.126654,1.46014
5.53373,0.326499,0.142122,0.918006
5.55811,0.200974,0.151267,0.692836
5.58249,0.196178,0.107986,0.334006
5.60687,0.156314,0.0849269,0.474469
5.63124,0.204088,0.0657897,0.523521
5.65562,0.183848,0.206484,0.640861
5.68,0.208656,0.345317,0.496767
5.70438,0.192676,0.24609,0.85013
5.72876,0.216248,0.162367,0.818212
5.75313,0.336695,0.189077,0.457629
5.77751,0.262416,0.0779975,0.437449
5.80189,0.316322,0.125712,0.370223
5.82627,0.158302,0.0817089,0.260902
5.85064,0.309095,0.0697765,0.255062
5.87502,0.284395,0.0735672,0.208143
5.8994,0.158151,0.09933,0.225801
5.92378,0.410482,0.0946979,0.184057
5.94815,0.284946,0.121172,0.347701
5.97253,0.346047,0.144914,0.331192
5.99691,0.177808,0.0698895,0.39202
6.02129,0.367113,0.176111,0.407831
6.04567,0.166754,0.124956,0.402248
6.07004,0.188243,0.0907757,0.239312
6.09442,0.18082,0.121595,0.434748
6.1188,0.30897,0.175763,0.531576
6.14318,0.403082,0.159896,0.372105
6.16755,0.372288,0.321941,0.342583
6.19193,0.265853,0.1717,0.0726449
6.21631,0.145847,0.155216,0.185719
6.24069,0.204464,0.196187,0.265621
6.26506,0.319573,0.403605,0.320106
6.28944,0.260336,0.244581,0.344269
6.31382,0.476314,0.379174,0.27822
6.3382,0.426613,0.226458,0.468502
6.36257,0.340344,0.244871,0.352796
6.38695,0.133262,0.124219,0.459595
6.41133,0.0898418,0.0663215,0.160301
6.43571,0.210749,0.145245,0.314837
6.46009,0.197861,0.230955,0.491892
6.48446,0.397616,0.335486,0.702664
6.50884,0.256795,0.123638,0.471964
6.53322,0.147523,0.103306,0.429198
6.5576,0.121429,0.0770154,0.143546
6.58197,0.186855,0.161397,0.360258
6.60635,0.115891,0.139823,0.491617
6.63073,0.0860478,0.07433,0.325527
6.65511,0.148479,0.0829815,0.17803
6.67948,0.108452,0.0381876,0.1246
6.70386,0.0888754,0.0565952,0.128369
6.72824,0.175317,0.0772984,0.180264
6.75262,0.0866809,0.0899607,0.147797
6.777,0.0665505,0.0815593,0.188368
6.80137,0.0477885,0.0640598,0.080274
6.82575,0.0555579,0.0605494,0.0546878
6.85013,0.0708883,0.0319138,0.134222
6.87451,0.0854329,0.0389582,0.153746
6.89888,0.0779822,0.0335911,0.223466
6.92326,0.123479,0.0567315,0.284886
6.94764,0.165558,0.0407554,0.196815
6.97202,0.100142,0.0388452,0.13444
6.99639,0.200774,0.183557,0.357433
7.02077,0.278059,0.141237,0.231491
7.04515,0.134621,0.122824,0.340474
7.06953,0.213392,0.250348,0.666316
7.09391,0.202973,0.275772,0.508555
7.11828,0.211937,0.241147,0.458739
7.14266,0.182364,0.175991,0.311404
7.16704,0.167902,0.129739,0.173554
7.19142,0.185361,0.287962,0.299434
7.21579,0.199039,0.149259,0.214917
7.24017,0.131012,0.0876312,0.157356
7.26455,0.111584,0.092341,0.312007
7.28893,0.200726,0.130604,0.208536
7.3133,0.2457,0.192211,0.21583
7.33768,0.325893,0.249389,0.358972
7.36206,0.352908,0.283913,0.458387
7.38644,0.24165,0.290705,0.274645
7.41082,0.0969979,0.1368,0.126981
7.43519,0.0970381,0.0529581,0.107271
7.45957,0.183427,0.126465,0.25147
7.48395,0.158363,0.0983782,0.136461
7.50833,0.160196,0.0691191,0.0972307
7.5327,0.107121,0.109982,0.131701
7.55708,0.181318,0.21863,0.161113
7.58146,0.193235,0.10878,0.0511815
7.60584,0.0807353,0.119452,0.0472325
7.63021,0.129122,0.110637,0.0642475
7.65459,0.274717,0.150978,0.070506
7.67897,0.180941,0.160173,0.11479
7.70335,0.128341,0.0834138,0.186089
7.72773,0.173342,0.0841106,0.302124
7.7521,0.201995,0.0872339,0.316995
7.77648,0.0779068,0.0603549,0.192623
7.80086,0.154696,0.0912429,0.163998
7.82524,0.157328,0.0986184,0.14904
7.84961,0.159096,0.110235,0.201533
7.87399,0.283329,0.143163,0.111514
7.89837,0.229621,0.0919023,0.227905
7.92275,0.0965979,0.0589819,0.201209
7.94712,0.0830761,0.0938639,0.275157
7.9715,0.11375,0.11099,0.188005
7.99588,0.248817,0.149344,0.222959
8.02026,0.0956908,0.185407,0.30045
8.04464,0.0561358,0.156322,0.277444
8.06901,0.0694397,0.0886624,0.114441
8.09339,0.105018,0.10743,0.141413
8.11777,0.0884492,0.133835,0.121271
8.14215,0.0514021,0.0805271,0.0698361
8.16652,0.11427,0.0906055,0.135582
8.1909,0.244037,0.182264,0.131145
8.21528,0.165558,0.153402,0.0966978
8.23966,0.115592,0.121783,0.0608802
8.26403,0.0899179,0.120592,0.107663
8.28841,0.11846,0.139399,0.0627044
8.31279,0.109736,0.247778,0.0583136
8.33717,0.105315,0.292007,0.0976461
8.36154,0.104366,0.217236,0.147418
8.38592,0.0478038,0.0706696,0.170288
8.4103,0.129499,0.104963,0.119489
8.43468,0.188981,0.150819,0.119068
8.45906,0.142822,0.123891,0.127275
8.48343,0.0621359,0.0800641,0.102343
8.50781,0.104645,0.151058,0.0960547
8.53219,0.107224,0.115843,0.0933066
8.55657,0.142589,0.0537758,0.0901836
8.58094,0.129412,0.133537,0.0881557
8.60532,0.104233,0.155959,0.174662
8.6297,0.036208,0.0529913,0.0822832
8.65408,0.0664994,0.127999,0.0727376
8.67845,0.0796125,0.0935883,0.0898836
8.70283,0.0964922,0.0755915,0.116586
8.72721,0.0601635,0.0571502,0.0633432
8.75159,0.0696772,0.0564133,0.0853077
8.77597,0.102078,0.0936764,0.07149
8.80034,0.0704623,0.0917061,0.0487808
8.82472,0.0681535,0.109509,0.0519802
8.8491,0.0909177,0.121094,0.0820726
8.87348,0.112812,0.174063,0.192027
8.89785,0.0767032,0.0880176,0.100798
8.92223,0.0414523,0.041918,0.0522371
8.94661,0.0388394,0.030539,0.0612163
8.97099,0.0681048,0.105906,0.111378
8.99536,0.0469204,0.111157,0.0700421
9.01974,0.0566353,0.0803254,0.0799273
9.04412,0.0385226,0.0518629,0.0283619
9.0685,0.0519626,0.030648,0.0288841
9.09288,0.0510572,0.0533533,0.0538312
9.11725,0.0261145,0.0247252,0.046442
9.14163,0.0711315,0.0834617,0.0545044
9.16601,0.113249,0.13978,0.120831
9.19039,0.0808773,0.142588,0.136204
9.21476,0.0579293,0.0671332,0.0645312
9.23914,0.071252,0.0613186,0.0613905
9.26352,0.0404325,0.0396543,0.0646628
9.2879,0.0351595,0.0319406,0.0534199
9.31227,0.0583708,0.0606643,0.0660707
9.33665,0.112408,0.123256,0.0589631
9.36103,0.071806,0.0654178,0.0464511
9.38541,0.0518788,0.0253867,0.0373556
9.40979,0.0534107,0.0550831,0.0581096
9.43416,0.0483302,0.0603095,0.0505015
9.45854,0.0543157,0.0752463,0.0615994
9.48292,0.036866,0.0529813,0.0788012
9.5073,0.0335807,0.0663598,0.0400333
9.53167,0.0368074,0.0800797,0.0366522
9.55605,0.0575527,0.0727381,0.0496625
9.58043,0.0601759,0.0754588,0.0559416
9.60481,0.0690557,0.126158,0.0684863
9.62918,0.0917693,0.156188,0.102206
9.65356,0.067092,0.132008,0.0740231
9.67794,0.0420833,0.0585511,0.0475873
9.70232,0.040592,0.0878291,0.0856707
9.7267,0.104798,0.113424,0.134307
9.75107,0.112677,0.0769837,0.0555616
9.77545,0.0889332,0.0700616,0.0545417
9.79983,0.055781,0.0867342,0.0523973
9.82421,0.062506,0.101444,0.0460489
9.84858,0.0438144,0.08649,0.0541484
9.87296,0.0277254,0.0460757,0.0712348
9.89734,0.0484281,0.0732436,0.0506982
9.92172,0.0953021,0.108563,0.0796795
9.94609,0.0953397,0.0944892,0.050145
9.97047,0.0647577,0.0865395,0.0293579
9.99485,0.118319,0.191964,0.0521105
10.0192,0.148088,0.259296,0.104246
10.0436,0.140123,0.252043,0.101495
10.068,0.0834464,0.153507,0.0370671
10.0924,0.0601485,0.0717423,0.0486693
10.1167,0.0900601,0.109272,0.0716668
10.1411,0.0591336,0.107873,0.0466885
10.1655,0.0999131,0.130388,0.0676105
10.1899,0.0738236,0.0687041,0.0547624
10.2142,0.0428703,0.0884234,0.042608
10.2386,0.0520425,0.10357,0.0424185
10.263,0.0715088,0.130339,0.0350647
10.2874,0.0759726,0.14138,0.0348254
10.3118,0.0629102,0.0695063,0.0573266
10.3361,0.0649362,0.0826873,0.0549262
10.3605,0.0590208,0.131299,0.0380981
10.3849,0.0410726,0.0702223,0.0224786
10.4093,0.08093,0.125568,0.0667482
10.4336,0.133309,0.134249,0.0704059
10.458,0.137818,0.224462,0.045175
10.4824,0.0778995,0.0944442,0.0159377
10.5068,0.0465205,0.0579016,0.0340401
10.5312,0.0527658,0.0992196,0.0228417
10.5555,0.0532807,0.126104,0.0409182
10.5799,0.0641364,0.112539,0.0440796
10.6043,0.0616895,0.0882877,0.0343268
10.6287,0.0681665,0.0817304,0.0297292
10.653,0.0482087,0.0762872,0.0505417
10.6774,0.0644412,0.087677,0.0538557
10.7018,0.0437991,0.0698104,0.053493
10.7262,0.0674254,0.0612779,0.0516578
10.7506,0.0704645,0.0574561,0.0549642
10.7749,0.0829624,0.0958363,0.0285683
10.7993,0.0404942,0.0618074,0.0331821
10.8237,0.0612864,0.0622926,0.069903
10.8481,0.038504,0.0481787,0.0333545
10.8724,0.0370771,0.0385134,0.0229668
10.8968,0.0228527,0.0368856,0.0289222
10.9212,0.0268825,0.0421782,0.0285107
10.9456,0.0307023,0.0636583,0.0321023
10.97,0.0230805,0.0587489,0.0332727
10.9943,0.0266824,0.0608537,0.0326719
11.0187,0.0499632,0.121451,0.0663709
11.0431,0.0294068,0.065213,0.0316548
11.0675,0.0162711,0.0293195,0.0139875
11.0918,0.0272629,0.025562,0.0333302
11.1162,0.0340676,0.0271283,0.0193877
11.1406,0.0372604,0.0448341,0.0260045
11.165,0.0326549,0.0384084,0.0344937
11.1894,0.0334016,0.0364297,0.0289635
11.2137,0.0294933,0.0218814,0.0229292
11.2381,0.0210972,0.0295508,0.0131453
11.2625,0.0346684,0.0349352,0.0181719
11.2869,0.0308305,0.03392,0.0410571
11.3112,0.0295368,0.0293967,0.05206
11.3356,0.0264584,0.0301373,0.0176423
11.36,0.0383807,0.0476712,0.0303955
11.3844,0.0308571,0.0282002,0.0206
11.4088,0.0362754,0.0411959,0.042833
11.4331,0.0355878,0.0592374,0.0346228
11.4575,0.0361621,0.0418397,0.0259983
11.4819,0.0166713,0.0174777,0.0137868
11.5063,0.0306129,0.0391554,0.0324465
11.5306,0.0498461,0.0661912,0.051513
11.555,0.113559,0.111484,0.086249
11.5794,0.0729124,0.0705893,0.0510768
11.6038,0.0497804,0.0445665,0.0387569
11.6282,0.0503186,0.0583261,0.0295136
11.6525,0.0739663,0.0632059,0.0389186
11.6769,0.0312424,0.0374075,0.0309062
11.7013,0.0394711,0.0294249,0.0189607
11.7257,0.0579506,0.0340563,0.0443943
11.75,0.034004,0.0278025,0.0286979
11.7744,0.0440176,0.0519516,0.0383002
11.7988,0.0641305,0.0926702,0.0555332
11.8232,0.0540163,0.0884175,0.0341894
11.8476,0.0211392,0.0415845,0.0177596
11.8719,0.0313456,0.0339156,0.0180137
11.8963,0.0460209,0.0385124,0.0360672
11.9207,0.051063,0.0378904,0.0450817
11.9451,0.0248334,0.02644,0.0255753
11.9694,0.0403729,0.0533236,0.0414251
11.9938,0.0390868,0.038762,0.0282157
12.0182,0.0783762,0.0711626,0.037448
12.0426,0.0879724,0.0920805,0.0502609
12.067,0.0719675,0.0854405,0.0456111
12.0913,0.0701126,0.073479,0.0254022
12.1157,0.024977,0.0285217,0.0264042
12.1401,0.0258437,0.034956,0.0347432
12.1645,0.0382579,0.0422141,0.0240679
12.1888,0.0537826,0.0411512,0.0245851
12.2132,0.0517206,0.0608918,0.0227354
12.2376,0.0337644,0.047615,0.0162689
12.262,0.051099,0.037772,0.0308079
12.2864,0.0224219,0.0461963,0.0307527
12.3107,0.0318671,0.0501352,0.0224675
12.3351,0.0324631,0.0592747,0.0289337
12.3595,0.0465459,0.0662263,0.0222147
12.3839,0.0429229,0.0617796,0.0283734
12.4082,0.0279801,0.0407984,0.0234189
12.4326,0.0231182,0.0219864,0.011399
12.457,0.0402149,0.0529465,0.0235915
12.4814,0.0412938,0.0639379,0.018129
12.5058,0.0796107,0.0977201,0.0174426
12.5301,0.0494651,0.069775,0.0314527
12.5545,0.0477459,0.0505768,0.0430974
12.5789,0.0455205,0.0487577,0.0321169
12.6033,0.0207395,0.0427719,0.0134632
12.6276,0.0238086,0.0291922,0.0128916
12.652,0.0263258,0.0282422,0.00977809
12.6764,0.0284254,0.0303425,0.0206565
12.7008,0.0188543,0.0310569,0.0203738
12.7251,0.0241512,0.0358549,0.0132269
12.7495,0.0104581,0.0226826,0.0230354
12.7739,0.0221379,0.0226324,0.0214306
12.7983,0.0410097,0.0306115,0.0248179
12.8227,0.0193964,0.0168304,0.0205033
12.847,0.0323718,0.0370767,0.0299396
12.8714,0.0308429,0.059772,0.0155882
12.8958,0.0270471,0.0455415,0.0126271
12.9202,0.0313988,0.0310424,0.0354483
12.9445,0.0306992,0.0310206,0.0303177
12.9689,0.0143697,0.016884,0.0158931
12.9933,0.0103123,0.0121817,0.0115176
13.0177,0.0205753,0.0244683,0.0150054
13.0421,0.0209037,0.0154519,0.0151759
13.0664,0.0142872,0.0168078,0.0118495
13.0908,0.0165185,0.0192146,0.0123106
13.1152,0.014793,0.0124095,0.0153787
13.1396,0.0264354,0.0238333,0.0196547
13.1639,0.0236534,0.0167568,0.0122202
13.1883,0.0282544,0.0340048,0.0240371
13.2127,0.0134784,0.0175672,0.0180875
13.2371,0.00942572,0.0118159,0.00996742
13.2615,0.0128711,0.0197063,0.0069386
13.2858,0.0150911,0.0235653,0.0134682
13.3102,0.0155432,0.0137412,0.0207756
13.3346,0.0153069,0.0264007,0.0135498
13.359,0.0186044,0.0207591,0.0102021
13.3833,0.00894735,0.0114567,0.0141444
13.4077,0.0182372,0.0209461,0.0146364
13.4321,0.0123968,0.0108747,0.00556932
13.4565,0.0241834,0.0181275,0.013258
13.4809,0.0334805,0.031998,0.0205194
13.5052,0.0313035,0.0294416,0.0319147
13.5296,0.0143701,0.0180563,0.0158736
13.554,0.03012,0.0169352,0.0206816
13.5784,0.0215548,0.0118409,0.0169445
13.6027,0.0310931,0.0165744,0.0163323
13.6271,0.00870356,0.00843524,0.0142725
13.6515,0.0252556,0.0145014,0.0148423
13.6759,0.0232277,0.0156101,0.0118109
13.7003,0.018533,0.00918413,0.0127145
13.7246,0.0202868,0.0188961,0.0141828
13.749,0.0220743,0.0219313,0.0144767
13.7734,0.0214042,0.0192963,0.0269925
13.7978,0.0298562,0.0237821,0.0233152
13.8221,0.0151285,0.0174112,0.0147379
13.8465,0.0121406,0.0137892,0.00901556
13.8709,0.0233814,0.0196374,0.0114848
13.8953,0.0321796,0.0231062,0.0177668
13.9197,0.0246256,0.0236219,0.0108365
13.944,0.00647833,0.00488942,0.00880285
13.9684,0.0204608,0.0157044,0.0226451
13.9928,0.0269591,0.0204443,0.0183915
14.0172,0.0136417,0.0140025,0.0115138
14.0415,0.0250923,0.0232725,0.0254202
14.0659,0.0325936,0.0300506,0.0213572
14.0903,0.0335547,0.0243974,0.0108399
14.1147,0.0196163,0.0125258,0.0163946
14.1391,0.0239004,0.0189603,0.0239692
14.1634,0.0171548,0.0181858,0.0105876
14.1878,0.013901,0.0112931,0.00689391
14.2122,0.0151512,0.00986423,0.0119841
14.2366,0.0169056,0.013768,0.0170862
14.2609,0.0284796,0.0202321,0.0138063
14.2853,0.0314137,0.0267301,0.0245905
14.3097,0.0160267,0.011149,0.0121766
14.3341,0.0294439,0.0250106,0.0145885
14.3585,0.0185729,0.0196199,0.0186803
14.3828,0.0132993,0.0119893,0.012802
14.4072,0.0236015,0.01707,0.0144447
14.4316,0.017944,0.0143025,0.00969763
14.456,0.0209924,0.028657,0.0131456
14.4803,0.0170306,0.020064,0.00904252
14.5047,0.00526991,0.0106224,0.00806414
14.5291,0.0100737,0.00700327,0.00688883
14.5535,0.0209722,0.0167209,0.0136444
14.5779,0.0183327,0.0149136,0.0149169
14.6022,0.0291182,0.0188469,0.00988291
14.6266,0.0254399,0.0218906,0.00974949
14.651,0.0131156,0.0136527,0.00635463
14.6754,0.0109224,0.0194366,0.0103035
14.6997,0.0122189,0.0176921,0.0126273
14.7241,0.01535,0.0194681,0.0059423
14.7485,0.0105768,0.0113977,0.00333274
14.7729,0.0136962,0.0118802,0.00567695
14.7973,0.0107395,0.00543696,0.00655351
14.8216,0.0106443,0.00922662,0.0178033
14.846,0.00912326,0.00777153,0.0163707
14.8704,0.00902791,0.00956601,0.00585081
14.8948,0.00854542,0.0101318,0.01139
14.9191,0.00978342,0.00654779,0.0103616
14.9435,0.00596422,0.00929977,0.00676069
14.9679,0.0087149,0.00842439,0.00624284
14.9923,0.0177513,0.0179227,0.00914073
15.0167,0.0170739,0.0147907,0.0167207
15.041,0.0070886,0.00836216,0.00376538
15.0654,0.0112393,0.0104657,0.00789527
15.0898,0.00824046,0.00463434,0.00986897
15.1142,0.00925326,0.00754077,0.00764328
15.1385,0.00754627,0.00655556,0.00468906
15.1629,0.00966023,0.00906388,0.00384433
15.1873,0.00791118,0.0129433,0.00718618
15.2117,0.00786276,0.00938795,0.0122321
15.2361,0.00618089,0.00663774,0.00453008
15.2604,0.010357,0.011565,0.00668669
15.2848,0.00639504,0.00720032,0.00511091
15.3092,0.00780675,0.00784018,0.00393791
15.3336,0.00889655,0.00671013,0.00561428
15.3579,0.00527643,0.00376365,0.00307113
15.3823,0.00746144,0.00555384,0.00867003
15.4067,0.0068795,0.00721411,0.0117349
15.4311,0.00892731,0.00990938,0.00553805
15.4555,0.0208964,0.0175716,0.0139653
15.4798,0.00944691,0.00705696,0.0117743
15.5042,0.00634297,0.00748631,0.00672181
15.5286,0.00989819,0.00576841,0.00726993
15.553,0.0115993,0.00465467,0.00430444
15.5773,0.0134529,0.00428652,0.00928655
15.6017,0.00864653,0.00481082,0.00677415
15.6261,0.0103725,0.0041001,0.00737466
15.6505,0.00790306,0.00309259,0.0102567
15.6748,0.00501928,0.00325955,0.0109742
15.6992,0.0102274,0.00644632,0.00403859
15.7236,0.00893153,0.00799878,0.00436912
15.748,0.00492228,0.00562294,0.00331594
15.7724,0.0145889,0.0103933,0.00819436
15.7967,0.00997658,0.00752865,0.00666267
15.8211,0.00622978,0.00577022,0.00429399
15.8455,0.00316103,0.00348435,0.00624279
15.8699,0.00558626,0.00533226,0.005768
15.8942,0.00726166,0.00326977,0.00635524
15.9186,0.00502001,0.00381231,0.00694255
15.943,0.00756532,0.00903573,0.00183371
15.9674,0.00741942,0.00978429,0.00541279
15.9918,0.00379565,0.00345508,0.00554653
16.0161,0.00683371,0.00878745,0.00431296
16.0405,0.00753485,0.0118237,0.00831594
16.0649,0.00979761,0.0111884,0.00979069
16.0893,0.0117022,0.00720777,0.00941298
16.1136,0.0117339,0.00733701,0.00828735
16.138,0.0126272,0.00822254,0.0116155
16.1624,0.00662571,0.00786718,0.00415111
16.1868,0.00631976,0.00590025,0.00370189
16.2112,0.00756666,0.00592005,0.00366199
16.2355,0.0119092,0.00572745,0.00476202
16.2599,0.00877189,0.00374527,0.00332457
16.2843,0.00972558,0.00887718,0.00544483
16.3087,0.00494077,0.00584186,0.00554104
16.333,0.00612733,0.00670095,0.00266504
16.3574,0.00427724,0.00710076,0.00315545
16.3818,0.00836653,0.00791216,0.00473247
16.4062,0.00993632,0.00710654,0.00408731
16.4306,0.00314039,0.00313827,0.00225158
16.4549,0.00491209,0.00547399,0.00346564
16.4793,0.00598101,0.00655796,0.00721535
16.5037,0.00691061,0.00603777,0.012862
16.5281,0.00393825,0.00345372,0.00637209
16.5524,0.00736132,0.0086907,0.00730937
16.5768,0.00586962,0.00520498,0.00511569
16.6012,0.00457146,0.00516364,0.00316542
16.6256,0.00653004,0.00599817,0.00615185
16.65,0.00905658,0.00658047,0.00791429
16.6743,0.00912847,0.0104444,0.00567549
16.6987,0.00506229,0.00721789,0.00591115
16.7231,0.00671391,0.00338708,0.00503352
16.7475,0.00707195,0.00315753,0.00588337
16.7718,0.00640701,0.00289804,0.00812397
16.7962,0.00547436,0.00428374,0.00643253
16.8206,0.00325411,0.00374012,0.00485908
16.845,0.00391103,0.00178344,0.00759559
16.8694,0.00400399,0.0016207,0.00714443
16.8937,0.00661548,0.00243663,0.00236207
16.9181,0.00632619,0.00586015,0.00236954
16.9425,0.00334497,0.00239486,0.00237239
16.9669,0.00438109,0.00201937,0.00239108
16.9912,0.00701049,0.00570253,0.00623634
17.0156,0.00645809,0.00453842,0.0082685
17.04,0.00346806,0.0051167,0.00668148
17.0644,0.00593174,0.00514357,0.00581063
17.0888,0.00893143,0.00815898,0.00578846
17.1131,0.00696818,0.0075383,0.00263108
17.1375,0.00413776,0.00291295,0.00321429
17.1619,0.00217404,0.00220608,0.00245583
17.1863,0.00285132,0.00216633,0.00234085
17.2106,0.00466634,0.00212463,0.00410916
17.235,0.00315292,0.00264583,0.00140069
17.2594,0.00396177,0.00236683,0.00132905
17.2838,0.00471802,0.00215427,0.00317256
17.3082,0.00368641,0.0041509,0.00419842
17.3325,0.00321715,0.00304095,0.0020402
17.3569,0.00316624,0.00200644,0.00135311
17.3813,0.00314134,0.00286811,0.0027923
17.4057,0.00379259,0.00353483,0.00504704
17.43,0.00404736,0.0024871,0.00318053
17.4544,0.00625613,0.00333006,0.00491466
17.4788,0.00485458,0.00343084,0.00423504
17.5032,0.00238173,0.00303775,0.00478213
17.5276,0.00460282,0.00354896,0.00441857
17.5519,0.00362474,0.00329848,0.00467404
17.5763,0.00273721,0.00241143,0.00305225
17.6007,0.00264141,0.00214708,0.00181878
17.6251,0.00199198,0.00264703,0.00346177
17.6494,0.00280873,0.00286955,0.00267522
17.6738,0.00330308,0.00329287,0.00362674
17.6982,0.00202688,0.00368101,0.0039151
17.7226,0.00322161,0.00312515,0.00377641
17.747,0.00452704,0.00232223,0.00611041
17.7713,0.00201611,0.00159164,0.00682509
17.7957,0.00100292,0.00173145,0.00337412
17.8201,0.00251098,0.00254887,0.00255091
17.8445,0.00196158,0.00139869,0.0019782
17.8688,0.00268336,0.00170875,0.00208108
17.8932,0.0037196,0.00215824,0.00656911
17.9176,0.00236328,0.00128547,0.00614353
17.942,0.00161434,0.00170363,0.00269759
17.9664,0.00243164,0.00323364,0.00306109
17.9907,0.00269871,0.00351327,0.0031519
18.0151,0.00244698,0.00195306,0.0031306
18.0395,0.0023299,0.00156625,0.00242958
18.0639,0.00411659,0.00247241,0.004206
18.0882,0.00573174,0.0030746,0.00225289
18.1126,0.00500778,0.00249771,0.00332988
18.137,0.00384922,0.00275031,0.00428003
18.1614,0.00213374,0.0014607,0.00379419
18.1858,0.00371191,0.00227573,0.00376723
18.2101,0.00481521,0.00281317,0.00305944
18.2345,0.0022268,0.00172863,0.00244772
18.2589,0.00253684,0.00164414,0.00295982
18.2833,0.00286263,0.00338191,0.00186754
18.3076,0.00308147,0.00241368,0.00461709
18.332,0.00266421,0.00212275,0.00323235
18.3564,0.00185176,0.00128724,0.00503685
18.3808,0.00237641,0.00151802,0.00443805
18.4051,0.00198464,0.00304784,0.00419827
18.4295,0.00362374,0.00199122,0.00326824
18.4539,0.00280226,0.00209943,0.00366748
18.4783,0.00151245,0.00198817,0.00323577
18.5027,0.000864032,0.000832458,0.00287856
18.527,0.00213932,0.00106978,0.00136919
18.5514,0.00233837,0.00234416,0.00242397
18.5758,0.00166588,0.00270244,0.00296431
18.6002,0.00132567,0.00237369,0.00614282
18.6245,0.001141,0.00137461,0.00518726
18.6489,0.00352568,0.00265566,0.00271914
18.6733,0.00325779,0.00309038,0.00415553
18.6977,0.00197871,0.00106234,0.00487496
18.7221,0.00406762,0.00246927,0.00197487
18.7464,0.00183797,0.00157268,0.00139663
18.7708,0.00143747,0.00217049,0.00351541
18.7952,0.00375728,0.00540196,0.0029839
18.8196,0.00261444,0.00319725,0.00290047
18.8439,0.00350704,0.00165565,0.00238871
18.8683,0.00122717,0.00177761,0.00307085
18.8927,0.00123614,0.00206018,0.00381149
18.9171,0.00170916,0.00165194,0.00482865
18.9415,0.00187952,0.00206521,0.00542857
18.9658,0.00102586,0.00254604,0.00238899
18.9902,0.00152876,0.00243464,0.0011226
19.0146,0.00245006,0.00271526,0.00266258
19.039,0.00233929,0.00360718,0.00219132
19.0633,0.000822676,0.00212287,0.00249711
19.0877,0.00141645,0.00251028,0.0029248
19.1121,0.00438967,0.00388634,0.00327529
19.1365,0.00258002,0.00188736,0.00295201
19.1609,0.000886789,0.000693214,0.00367206
19.1852,0.00121619,0.00101929,0.0028453
19.2096,0.00126942,0.00115822,0.00352726
19.234,0.00243455,0.00242897,0.00238126
19.2584,0.00130589,0.00137741,0.00143392
19.2827,0.00129918,0.00127436,0.00217481
19.3071,0.000957147,0.00109143,0.00322741
19.3315,0.000978529,0.00143526,0.00216606
19.3559,0.00145261,0.00147407,0.00138282
19.3803,0.00182737,0.00186159,0.00148338
19.4046,0.00231063,0.00218344,0.0025916
19.429,0.00113576,0.00220655,0.00265844
19.4534,0.00206606,0.00209631,0.00180023
19.4778,0.00140726,0.00152006,0.00171803
19.5021,0.000921344,0.000607424,0.00218643
19.5265,0.00126907,0.0012246,0.00116206
19.5509,0.00172135,0.00175481,0.00106552
19.5753,0.00127319,0.00161478,0.00224282
19.5997,0.000590698,0.00148903,0.00163193
19.624,0.00115253,0.00128006,0.000947714
19.6484,0.00133519,0.00173179,0.00327848
19.6728,0.00165256,0.001928,0.00260249
19.6972,0.0010962,0.000947873,0.00249644
19.7215,0.00212672,0.00111543,0.0039021
19.7459,0.0018651,0.00108643,0.00340055
19.7703,0.00149177,0.00129707,0.00360592
19.7947,0.00202752,0.00211199,0.00281826
19.8191,0.000780837,0.00157004,0.00221947
19.8434,0.000539957,0.00118963,0.00423681
19.8678,0.00141123,0.0026943,0.00570405
19.8922,0.000998424,0.00175928,0.00566896
19.9166,0.000918745,0.00110858,0.00409068
19.9409,0.000688499,0.00132625,0.00218405
19.9653,0.00176746,0.000656903,0.00251782
19.9897,0.00233105,0.000443915,0.00582109
20.0141,0.00190815,0.000768054,0.0065442
20.0385,0.00127103,0.00128675,0.00416796
20.0628,0.000530083,0.00155462,0.00362634
20.0872,0.00042621,0.00229186,0.00562293
20.1116,0.000892002,0.00231248,0.00277344
20.136,0.000859764,0.00191151,0.00242179
20.1603,0.00160435,0.00140589,0.00213618
20.1847,0.00182686,0.000754868,0.00514337
20.2091,0.00231429,0.00132102,0.00520537
20.2335,0.00179312,0.00164762,0.00457295
20.2579,0.000482031,0.00141902,0.00307161
20.2822,0.00147877,0.00101002,0.00486027
20.3066,0.00145254,0.000855934,0.00411128
20.331,0.00123728,0.00163451,0.00289242
20.3554,0.00155323,0.0011474,0.00367985
20.3797,0.00145233,0.00153418,0.0053344
20.4041,0.000835218,0.00138112,0.00396026
20.4285,0.000484862,0.0011774,0.00156517
20.4529,0.000661356,0.00076929,0.00188168
20.4773,0.00100815,0.000764859,0.00177481
20.5016,0.000575983,0.000697769,0.00259636
20.526,0.000779694,0.00050347,0.00187681
20.5504,0.00113855,0.000606319,0.00191323
20.5748,0.0016327,0.00190792,0.00229356
20.5991,0.00114076,0.00193784,0.00443139
20.6235,0.000539555,0.000968586,0.0030618
20.6479,0.00138874,0.000821819,0.00297273
20.6723,0.00127791,0.000857083,0.002572
20.6967,0.000829713,0.000924645,0.00259627
20.721,0.000986696,0.000660315,0.00181407
20.7454,0.00118163,0.00147626,0.00338251
20.7698,0.00125618,0.00159083,0.00491342
20.7942,0.000803753,0.00212552,0.00369765
20.8185,0.00141957,0.00115889,0.00338198
20.8429,0.00195215,0.00100541,0.0022713
20.8673,0.00114779,0.000738551,0.00215616
20.8917,0.00108925,0.000968342,0.00242682
20.9161,0.000592824,0.000719685,0.00204098
20.9404,0.00109168,0.00117763,0.0019547
20.9648,0.000761791,0.000959917,0.001311
20.9892,0.000854289,0.000711232,0.00174435
21.0136,0.00076586,0.00115194,0.00208636
21.0379,0.00125481,0.00196604,0.00239444
21.0623,0.00109837,0.00155058,0.00193087
21.0867,0.00071131,0.00221314,0.00271468
21.1111,0.000871916,0.00201401,0.0022701
21.1355,0.0011499,0.00179071,0.00187834
21.1598,0.000874759,0.000958774,0.00192936
21.1842,0.000671321,0.000945544,0.00174235
21.2086,0.000887181,0.00066614,0.00264577
21.233,0.00102921,0.00119824,0.00288254
21.2573,0.00096978,0.00170534,0.00268054
21.2817,0.000909225,0.000907515,0.00273886
21.3061,0.00120012,0.00125141,0.00288026
21.3305,0.00107657,0.00148739,0.00342626
21.3548,0.000802923,0.00152707,0.00367333
21.3792,0.000688496,0.000820712,0.00304342
21.4036,0.00109266,0.00100747,0.0022437
21.428,0.00055691,0.000797702,0.00269082
21.4524,0.000609137,0.00104694,0.00236035
21.4767,0.000680484,0.0012336,0.00245649
21.5011,0.000495271,0.00109675,0.00168432
21.5255,0.000829089,0.00122459,0.00180168
21.5499,0.00064544,0.00096394,0.00257787
21.5742,0.000543622,0.00126928,0.00434848
21.5986,0.000685221,0.000655735,0.00371071
21.623,0.000556924,0.000617765,0.00290845
21.6474,0.000890361,0.00103218,0.00429741
21.6718,0.000888384,0.0010453,0.00251266
21.6961,0.00129778,0.00118033,0.00316347
21.7205,0.00121454,0.00156775,0.0031628
21.7449,0.000954291,0.00198631,0.00171053
21.7693,0.00104301,0.00150015,0.00258183
21.7936,0.0004368,0.000905773,0.00277397
21.818,0.000427387,0.000397028,0.0025244
21.8424,0.000586372,0.000761518,0.00243533
21.8668,0.000784177,0.0016191,0.00241396
21.8912,0.00108604,0.00201774,0.00115491
21.9155,0.000588379,0.00139965,0.00132151
21.9399,0.000721059,0.0020218,0.00277782
21.9643,0.000527802,0.000940117,0.00262461
21.9887,0.00115576,0.00119094,0.00310899
22.013,0.00138029,0.00124239,0.00388291
22.0374,0.000422521,0.000476721,0.00290086
22.0618,0.000598334,0.000922062,0.00212031
22.0862,0.000621947,0.00132725,0.00316807
22.1106,0.00076768,0.00167507,0.00331601
22.1349,0.00157365,0.00227481,0.0047995
22.1593,0.000753306,0.00151935,0.00301436
22.1837,0.00103121,0.00192704,0.00278116
22.2081,0.000672321,0.0017624,0.00299804
22.2324,0.000259824,0.00151358,0.00239114
22.2568,0.000675958,0.00102084,0.00250399
22.2812,0.000496335,0.000531481,0.00248209
22.3056,0.000826543,0.000650308,0.00265297
22.33,0.000328969,0.000681967,0.0024556
22.3543,0.000827875,0.00133724,0.00288791
22.3787,0.000613164,0.00180832,0.00241141
22.4031,0.00048669,0.00109397,0.00293086
22.4275,0.000479578,0.00120683,0.00114626
22.4518,0.000631343,0.00110812,0.00113707
22.4762,0.000670388,0.000836051,0.0010893
22.5006,0.000813264,0.000704109,0.00308299
22.525,0.000517567,0.0004867,0.00222598
22.5494,0.000542635,0.000421618,0.00328277
22.5737,0.000736401,0.000515833,0.00453939
22.5981,0.00104372,0.000775582,0.00261837
22.6225,0.00097677,0.000936396,0.0019801
22.6469,0.000857574,0.000993456,0.00216723
22.6712,0.000334936,0.00105508,0.00265132
22.6956,0.000502975,0.00178176,0.00236543
22.72,0.000734285,0.00221239,0.0029924
22.7444,0.000687069,0.00140563,0.0028551
22.7688,0.00120879,0.00162222,0.00454644
22.7931,0.00124734,0.000865473,0.00315757
22.8175,0.000816288,0.000718555,0.00195218
22.8419,0.00098231,0.000801503,0.00271351
22.8663,0.000722405,0.00158413,0.00245569
22.8906,0.000759478,0.00100609,0.00122763
22.915,0.000713739,0.00133267,0.0033701
22.9394,0.000943469,0.00106695,0.0046833
22.9638,0.000745251,0.000342005,0.00251737
22.9882,0.00104241,0.00066292,0.00333901
23.0125,0.000915073,0.0011372,0.00514507
23.0369,0.000655634,0.000484583,0.00352724
23.0613,0.000535599,0.000454832,0.00321894
23.0857,0.0009974,0.000741815,0.00194642
23.11,0.000470287,0.000809374,0.00217435
23.1344,0.00025067,0.000912216,0.00292838
23.1588,0.000317305,0.00118001,0.00121247
23.1832,0.000353364,0.000975768,0.000811086
23.2076,0.000582696,0.0011475,0.00140658
23.2319,0.000567221,0.00128973,0.00293728
23.2563,0.000754543,0.00121008,0.00157139
23.2807,0.000648865,0.000692631,0.00205532
23.3051,0.000674594,0.000635884,0.00414842
23.3294,0.000646589,0.00065641,0.00150108
23.3538,0.000680767,0.000816633,0.00189645
23.3782,0.000644355,0.00105807,0.00183965
23.4026,0.00063432,0.00100139,0.00259517
23.427,0.000904626,0.00107858,0.000798367
23.4513,0.000549768,0.000912973,0.00190199
23.4757,0.000446175,0.00106594,0.00249459
23.5001,0.000786493,0.00109796,0.00228416
23.5245,0.000741374,0.000837005,0.00319011
23.5488,0.000497889,0.000246551,0.00238791
23.5732,0.0005615,0.00034104,0.00240415
23.5976,0.000698717,0.000624504,0.00180492
23.622,0.000757595,0.000667413,0.00196409
23.6464,0.000634154,0.000499206,0.0027539
23.6707,0.000891059,0.000459862,0.00372234
23.6951,0.000919693,0.000911191,0.00201338
23.7195,0.000911715,0.000617669,0.00286196
23.7439,0.000623729,0.000916438,0.0034215
23.7682,0.000307703,0.000956639,0.00142677
23.7926,0.000551516,0.00098614,0.00125047
23.817,0.000448168,0.000888033,0.00411271
23.8414,0.00020168,0.000748853,0.00265419
23.8658,0.00032494,0.000728528,0.00174896
23.8901,0.000892275,0.000971224,0.00298679
23.9145,0.000879573,0.000739672,0.00294187
23.9389,0.000708328,0.000481122,0.00125799
23.9633,0.000763236,0.000557055,0.00207175
23.9876,0.000939874,0.0011796,0.00178389
24.012,0.000261471,0.000913174,0.00108864
24.0364,0.000439805,0.000612156,0.00190184
24.0608,0.000652779,0.00066768,0.00105126
24.0851,0.000503627,0.000494716,0.00133976
24.1095,0.000941045,0.000858516,0.00167193
24.1339,0.000977884,0.00104297,0.00254307
24.1583,0.00055089,0.000719471,0.00215126
24.1827,0.000477964,0.000905094,0.00116411
24.207,0.000653153,0.000901154,0.00187623
24.2314,0.000591965,0.000843862,0.00158728
24.2558,0.000596032,0.0011135,0.00218924
24.2802,0.000442112,0.00115738,0.00186803
24.3045,0.000497252,0.00122168,0.00133058
24.3289,0.000621153,0.000825065,0.00214016
24.3533,0.00065367,0.000796548,0.00218805
24.3777,0.000836836,0.00134598,0.00194918
24.4021,0.00117569,0.00078677,0.00259846
24.4264,0.000893083,0.000763233,0.0033461
24.4508,0.00102075,0.00109109,0.00212059
24.4752,0.000629854,0.000879248,0.00176446
24.4996,0.000813014,0.000783318,0.00212104
24.5239,0.000389844,0.000561715,0.0013315
24.5483,0.000527659,0.000827894,0.00118013
24.5727,0.000492089,0.00110374,0.00149209
24.5971,0.000696221,0.00112795,0.00173662
24.6215,0.000460403,0.000964478,0.00220513
24.6458,0.000718906,0.00113387,0.00230533
24.6702,0.000735517,0.00102519,0.00185153
24.6946,0.000844053,0.00109755,0.00263129
24.719,0.000646368,0.000512323,0.00223066
24.7433,0.000452576,0.000633275,0.00143175
24.7677,0.000844855,0.00108091,0.00154428
24.7921,0.000692881,0.000821167,0.00236069
24.8165,0.00056944,0.00106969,0.00192405
24.8409,0.000261072,0.00140308,0.00244836
24.8652,0.000430581,0.00131328,0.00292879
24.8896,0.00031754,0.0011588,0.00238163
24.914,0.000279464,0.000694378,0.0018741
24.9384,0.000429271,0.000326424,0.00212993
24.9627,0.000512279,0.000438976,0.00353967
24.9871,0.000464907,0.000494137,0.00225416
25.0115,0.000935301,0.000573376,0.00260139
25.0359,0.000849918,0.000898765,0.00258905
25.0603,0.000398019,0.000756811,0.00421692
25.0846,0.000677319,0.000529083,0.00261744
25.109,0.000808497,0.000476521,0.00377295
25.1334,0.000532175,0.000578151,0.00288879
25.1578,0.00031009,0.000639969,0.00182543
25.1821,0.000206658,0.000734872,0.00102096
25.2065,0.000242873,0.000440841,0.00110563
25.2309,0.000494697,0.000497837,0.00199542
25.2553,0.000535946,0.000503501,0.00228668
25.2797,0.000368685,0.000607596,0.00236859
25.304,0.00036448,0.000855246,0.00243314
25.3284,0.000440617,0.00133016,0.00325853
25.3528,0.000561239,0.00127834,0.00335694
25.3772,0.000401595,0.000923686,0.00316355
25.4015,0.000515061,0.000804189,0.00232684
25.4259,0.000382018,0.000996716,0.00194136
25.4503,0.000360087,0.000642154,0.0017013
25.4747,0.000235914,0.000371364,0.00129657
25.4991,0.000298701,0.00127423,0.0021375
25.5234,0.000613593,0.000732803,0.00325914
25.5478,0.000779434,0.000267581,0.00383671
25.5722,0.000415123,0.000870869,0.00220221
25.5966,0.000374279,0.00145132,0.00251276
25.6209,0.000691244,0.000730085,0.00477841
25.6453,0.000567083,0.000806035,0.00155932
25.6697,0.000270896,0.000663748,0.00128329
25.6941,0.000370819,0.000591822,0.00345965
25.7185,0.000417211,0.000679758,0.00424622
25.7428,0.000790382,0.000951541,0.00263499
25.7672,0.000473516,0.000532955,0.00267821
25.7916,0.000685882,0.0007939,0.0018418
25.816,0.000627121,0.000939148,0.00351013
25.8403,0.00049683,0.000435185,0.00256781
25.8647,0.000173526,0.000246456,0.00155456
25.8891,0.000116802,0.000431178,0.00232011
25.9135,0.000295542,0.000628735,0.00368933
25.9379,0.000403068,0.000433844,0.0018424
25.9622,0.000377121,0.000549137,0.00164083
25.9866,0.00032373,0.000449181,0.00290978
26.011,0.000343887,0.000308994,0.00135059
26.0354,0.000455164,0.000368386,0.00167533
26.0597,0.000414391,0.000317786,0.00174696
26.0841,0.000250283,0.000261669,0.00241936
26.1085,0.000258627,0.000626008,0.00122492
26.1329,0.000133006,0.000505959,0.00138141
26.1573,0.000244114,0.000156862,0.00177771
26.1816,0.000248827,0.000260117,0.00240718
26.206,0.000242187,0.000277893,0.00302456
26.2304,0.000270912,0.000188096,0.00151333
26.2548,0.000404321,0.000307866,0.00297849
26.2791,0.000493999,0.000705258,0.00330665
26.3035,0.000516678,0.000441269,0.00202254
26.3279,0.000636679,0.000408776,0.00240913
26.3523,0.000460269,0.000425797,0.00174637
26.3767,0.00030922,0.000508874,0.00185155
26.401,0.000557295,0.000457603,0.00238426
26.4254,0.000432294,0.000521234,0.00236355
26.4498,0.000342656,0.000457459,0.0014649
26.4742,0.000373778,0.000690958,0.00252838
26.4985,0.000401245,0.000661761,0.0024985
26.5229,0.000477185,0.000610338,0.00179697
26.5473,0.000676286,0.00073149,0.00195193
26.5717,0.000228753,0.000847736,0.00148891
26.5961,0.000340214,0.000869978,0.00135029
26.6204,0.000276022,0.000633984,0.0019754
26.6448,0.000263192,0.00088801,0.00220461
26.6692,0.000305236,0.000542151,0.00176075
26.6936,0.000484759,0.00056089,0.00182047
26.7179,0.000684841,0.000595366,0.00335017
26.7423,0.000328908,0.000719799,0.00333478
26.7667,0.000485495,0.000865157,0.00193179
26.7911,0.000546554,0.00095823,0.00176329
26.8155,0.000346909,0.000955218,0.00159474
26.8398,0.000268654,0.000424784,0.00157596
26.8642,0.00037197,0.000594291,0.00140267
26.8886,0.000316172,0.000502403,0.00147326
26.913,0.000468133,0.000258959,0.00123508
26.9373,0.000519518,0.000512112,0.00174019
26.9617,0.000445869,0.000857196,0.00264818
26.9861,0.000246221,0.000208165,0.00131012
27.0105,0.000330729,0.000379134,0.00195155
27.0348,0.000425713,0.000901015,0.00110538
27.0592,0.00033806,0.000542747,0.00101198
27.0836,0.000433867,0.000550695,0.00116997
27.108,0.000225485,0.000421982,0.00130547
27.1324,0.000342495,0.000427454,0.00176267
27.1567,0.000439256,0.000687086,0.00196967
27.1811,0.000262371,0.000226576,0.00124866
27.2055,0.000529977,0.00031165,0.00179027
27.2299,0.00040443,0.000759278,0.00202005
27.2542,0.000151333,0.000506282,0.00141839
27.2786,0.000174312,0.000246584,0.00106555
27.303,0.000126956,0.000551343,0.00209457
27.3274,0.000230719,0.000646595,0.00233389
27.3518,0.000289069,0.000966342,0.00240686
27.3761,0.000518715,0.000635491,0.00293235
27.4005,0.00036969,0.000442573,0.00284314
27.4249,0.000329792,0.000358638,0.00304288
27.4493,0.000337322,0.000384388,0.00327802
27.4736,0.00036837,0.000535841,0.00242234
27.498,0.000322554,0.000777408,0.00268962
27.5224,0.000303144,0.00111252,0.00405048
27.5468,0.000404762,0.000872275,0.00369688
27.5712,0.000285456,0.00090664,0.00306922
27.5955,0.00052175,0.00147282,0.00353256
27.6199,0.000615017,0.000683719,0.00456221
27.6443,0.000495989,0.00058197,0.00334632
27.6687,0.000944762,0.000489966,0.00322285
27.693,0.000896903,0.00103009,0.00402897
27.7174,0.000243598,0.00118285,0.00370481
27.7418,0.000631028,0.00133974,0.00258997
27.7662,0.000994608,0.00127409,0.00184709
27.7906,0.000477295,0.000897361,0.00162916
27.8149,0.00072789,0.000476762,0.0021052
27.8393,0.000590013,0.000507512,0.00266507
27.8637,0.000238849,0.000551964,0.00165126
27.8881,0.000307453,0.000495005,0.00299329
27.9124,0.000535752,0.000523297,0.00300098
27.9368,0.000348892,0.000497025,0.00370714
27.9612,0.000267123,0.000299104,0.00137014
27.9856,0.000325414,0.000450788,0.00295243
28.01,0.000391414,0.000580426,0.00160719
28.0343,0.000404926,0.000513038,0.00113716
28.0587,0.000389333,0.000374648,0.00205038
28.0831,0.000289508,0.000372305,0.00282108
28.1075,0.000246656,0.000418675,0.00197193
28.1318,0.000228502,0.000261502,0.00143151
28.1562,0.000400868,0.000223325,0.00133523
28.1806,0.000213679,0.000343162,0.000895122
28.205,0.000458146,0.000397238,0.0018964
28.2294,0.000184955,0.000235552,0.00105156
28.2537,0.000298751,0.000352812,0.00040672
28.2781,0.000512748,0.000622591,0.00138701
28.3025,0.000214144,0.000440784,0.00253714
28.3269,0.000233366,0.000271766,0.00120559
28.3512,0.000324563,0.000568773,0.00100237
28.3756,0.000284733,0.000575173,0.00101699
28.4,0.000381387,0.000388219,0.00254211
28.4244,0.000200426,0.000428575,0.000924422
28.4488,0.000215236,0.000425338,0.00124687
28.4731,0.000304313,0.000309748,0.0023162
28.4975,0.000151195,0.000211791,0.00128599
28.5219,0.000250149,0.000357175,0.00185092
28.5463,0.000173404,0.000251816,0.00208457
28.5706,0.000228871,0.000340417,0.00172937
28.595,0.000357246,0.000605777,0.00137083
28.6194,0.000760153,0.000578805,0.0021566
28.6438,0.000582263,0.000346812,0.00235963
28.6682,0.000491304,0.000337124,0.00128521
28.6925,0.000313499,0.000459042,0.000996533
28.7169,0.000322566,0.00016292,0.00164482
28.7413,0.000281665,0.000287837,0.00156795
28.7657,0.000399686,0.00034664,0.0010326
28.79,0.000474196,0.000706036,0.0013851
28.8144,0.000463644,0.000431377,0.00196597
28.8388,0.00032903,0.000385814,0.00192948
28.8632,0.000378435,0.000338972,0.00249744
28.8876,0.000698327,0.000283162,0.00280016
28.9119,0.000572028,0.000500675,0.00158722
28.9363,0.000197003,0.000609744,0.00169856
28.9607,0.000638555,0.00058691,0.00184208
28.9851,0.000402134,0.000387923,0.00107208
29.0094,0.000169701,0.000557108,0.00184991
29.0338,0.000807428,0.000508729,0.00250323
29.0582,0.000428214,0.000368868,0.00118002
29.0826,0.000420305,0.000817216,0.00174988
29.107,0.000784643,0.000775281,0.00232281
29.1313,0.000452494,0.000614772,0.0017655
29.1557,0.000358031,0.000930257,0.00157167
29.1801,0.000309475,0.000462824,0.00148311
29.2045,0.000382056,0.00032728,0.000838335
29.2288,0.000466666,0.00055212,0.00145099
29.2532,0.000401021,0.000455632,0.001525
29.2776,0.000141335,0.000295683,0.000963436
29.302,0.000238535,0.000405626,0.000946153
29.3264,0.000361721,0.000511976,0.00136111
29.3507,0.000225531,0.00054803,0.00112019
29.3751,0.000222664,0.000415399,0.00161794
29.3995,0.000403701,0.000435014,0.00182387
29.4239,0.000405672,0.000611343,0.0013852
29.4482,0.000530285,0.000392754,0.0027146
29.4726,0.000314969,0.000382837,0.00207101
29.497,0.000254052,0.000593208,0.00163826
29.5214,0.0003909,0.000915862,0.00164663
29.5458,0.000387041,0.000619775,0.00202387
29.5701,0.000197249,0.000538292,0.00207649
29.5945,0.000488126,0.000524318,0.00265227
29.6189,0.000307451,0.000540362,0.00248059
29.6433,0.000384554,0.000282613,0.00206193
29.6676,0.000547295,0.000394508,0.00303948
29.692,0.000531715,0.000862298,0.00269714
29.7164,0.000445891,0.000550848,0.00256304
29.7408,0.000585966,0.000527685,0.00138094
29.7651,0.000387734,0.000678694,0.00182692
29.7895,0.00020661,0.000907891,0.00180073
29.8139,9.35889e-05,0.000541154,0.0020345
29.8383,0.000234606,0.000840747,0.00220012
29.8627,0.000245271,0.000889625,0.00186003
29.887,0.000541203,0.000790422,0.00149255
29.9114,0.000853678,0.000477803,0.00294393
29.9358,0.000885961,0.000882698,0.00341994
29.9602,0.000851758,0.000733845,0.00202497
29.9845,0.000661343,0.000357304,0.00234766
30.0089,0.000597122,0.000306749,0.00281742
30.0333,0.000426976,0.000530503,0.00213372
30.0577,0.000448564,0.000408939,0.0018844
30.0821,0.000291153,0.000257472,0.0025449
30.1064,0.000312622,0.000295715,0.00277839
30.1308,0.000441799,0.000304752,0.00207724
30.1552,0.000458666,0.00018245,0.00177294
30.1796,0.000638419,0.000442585,0.0025356
30.2039,0.000632096,0.000308805,0.00337075
30.2283,0.000291723,0.000196355,0.00182148
30.2527,0.000279782,0.000150868,0.00103622
30.2771,0.00070603,0.000448141,0.00226068
30.3015,0.000410873,0.000519886,0.00166084
30.3258,0.000111027,0.000320724,0.000929971
30.3502,0.000361171,0.000433817,0.00111209
30.3746,0.0002423,0.000371685,0.001809
30.399,0.00051402,0.000452164,0.00172197
30.4233,0.000516049,0.00058583,0.00200054
30.4477,0.000411611,0.000511575,0.00189929
30.4721,0.000508021,0.000358569,0.0021528
30.4965,0.000592558,0.000511099,0.00203601
30.5209,0.000215884,0.000377132,0.00137467
30.5452,0.000360113,0.000370347,0.00232977
30.5696,0.000371048,0.000272895,0.00153789
30.594,0.000254508,0.000269517,0.00061228
30.6184,0.000373631,0.00025091,0.00200976
30.6427,0.000359143,0.000255601,0.00200985
30.6671,0.00036034,0.000376691,0.00100667
30.6915,0.00019317,0.000366224,0.00058765
30.7159,0.000437911,0.000407743,0.000702304
30.7403,0.000221824,0.000191065,0.00119939
30.7646,0.000223889,0.000111091,0.000955037
30.789,0.000472498,0.00016734,0.00156445
30.8134,0.00029707,0.000344439,0.00176428
30.8378,0.000224023,0.000590877,0.00103265
30.8621,0.000522843,0.000395452,0.0013167
30.8865,0.000672039,0.000534906,0.00113197
30.9109,0.000207824,0.000448203,0.000642054
30.9353,0.000402819,0.000518943,0.00156175
30.9597,0.000437177,0.000636943,0.0011846
30.984,0.000669579,0.000551507,0.00128646
31.0084,0.000576979,0.000709918,0.00123048
31.0328,0.000754405,0.000629598,0.00172912
31.0572,0.000477138,0.000551244,0.00135597
31.0815,0.000533053,0.000545458,0.00144307
31.1059,0.000619769,0.000339843,0.00305182
31.1303,0.000411693,0.000258984,0.00183065
31.1547,0.000362165,0.000376126,0.00200557
31.1791,0.000300051,0.000579236,0.00230361
31.2034,0.000470009,0.00040222,0.0014487
31.2278,0.000528515,0.000665127,0.00149683
31.2522,0.000368446,0.000771095,0.00165847
31.2766,0.000383065,0.000591775,0.00140646
31.3009,0.000352803,0.000338923,0.00154209
31.3253,0.000373258,0.000329533,0.00307424
31.3497,0.000221775,0.000455838,0.00183211
31.3741,0.000192179,0.000459632,0.0012862
31.3985,0.00051642,0.000567368,0.00246484
31.4228,0.000271102,0.000335355,0.00199157
31.4472,0.00029997,0.000444695,0.0012476
31.4716,0.000306394,0.000695573,0.00165224
31.496,0.000250494,0.000484635,0.00173875
31.5203,0.000298011,0.000341848,0.00122833
31.5447,0.000272884,0.000203731,0.00139951
31.5691,0.00035191,0.000427352,0.00300354
31.5935,0.000311887,0.000366237,0.00173641
31.6179,0.000358495,0.000285153,0.00141422
31.6422,0.00038146,0.0003478,0.00195874
31.6666,0.000184882,0.000474476,0.001993
31.691,0.000200868,0.000419029,0.00182103
31.7154,0.000244794,0.000418354,0.00156281
31.7397,0.000249949,0.000554137,0.0015703
31.7641,0.000139331,0.000645226,0.00246952
31.7885,0.000269215,0.000593106,0.00165173
31.8129,0.000370888,0.00042687,0.00154657
31.8373,0.00052073,0.00039867,0.0036586
31.8616,0.000658625,0.000427413,0.00334564
31.886,0.000536929,0.000424391,0.00194502
31.9104,0.000415879,0.00049699,0.00295134
31.9348,0.000697178,0.000692792,0.00367905
31.9591,0.000466687,0.000603683,0.00227624
31.9835,0.000238931,0.000520746,0.00205672
32.0079,0.000189456,0.000420201,0.00274294
32.0323,0.00027786,0.000659409,0.00366514
32.0567,0.000332943,0.000666765,0.00332302
32.081,0.00056423,0.000503917,0.00279248
32.1054,0.00071319,0.000333682,0.00292977
32.1298,0.00053246,0.000364951,0.00286038
32.1542,0.000491233,0.000233436,0.00130332
32.1785,0.000595897,0.000376034,0.00164319
32.2029,0.000382108,0.000257028,0.00230043
32.2273,0.000271237,0.000347437,0.00123249
32.2517,0.000371271,0.000464419,0.00147476
32.2761,0.000346303,0.000583674,0.00227176
32.3004,0.000510765,0.000767665,0.00235341
32.3248,0.000478537,0.000536421,0.00219367
32.3492,0.000419178,0.00033961,0.00228504
32.3736,0.000477472,0.000353209,0.00220128
32.3979,0.000427477,0.00018519,0.00139993
32.4223,0.000328439,0.000287907,0.00148339
32.4467,0.000328658,0.000498571,0.00146693
32.4711,0.000263773,0.000263068,0.00257459
32.4955,0.00013026,0.000486457,0.00197961
32.5198,0.000193294,0.000686442,0.00176616
32.5442,0.00026677,0.000595727,0.00226595
32.5686,0.000452921,0.000654484,0.0026889
32.593,0.000470702,0.0004853,0.00165144
32.6173,0.00044534,0.000782855,0.00184316
32.6417,0.000288384,0.000650708,0.00152119
32.6661,0.000232178,0.000507263,0.00190557
32.6905,0.000361865,0.000451202,0.00196112
32.7148,0.000203305,0.000329734,0.00100251
32.7392,0.000400701,0.000454061,0.00150709
32.7636,0.000344296,0.000426706,0.00130135
32.788,0.000288679,0.000339352,0.00113479
32.8124,0.000161221,0.00056007,0.000767614
32.8367,0.000295707,0.000613325,0.00103908
32.8611,0.000313005,0.000450627,0.00109195
32.8855,0.000128795,0.000254039,0.000957666
32.9099,0.000246605,0.000352034,0.000741749
32.9342,0.00020694,0.000356873,0.000522454
32.9586,0.00040257,0.000731335,0.000596262
32.983,0.000248519,0.000434122,0.000603495
33.0074,0.000251524,0.000427529,0.000541161
33.0318,0.000334426,0.000378998,0.00110543
33.0561,0.000108341,0.000456518,0.000746263
33.0805,0.000149791,0.000349697,0.000736908
33.1049,0.00024261,0.000577905,0.00182322
33.1293,0.000362789,0.000584579,0.00149921
33.1536,0.000224177,0.000304025,0.00165554
33.178,0.000205535,0.000628662,0.00180041
33.2024,0.000280165,0.000714303,0.00211113
33.2268,0.00022589,0.000543027,0.00115943
33.2512,0.000237494,0.000608309,0.00170351
33.2755,0.000267296,0.000951132,0.00181021
33.2999,0.000321921,0.000833914,0.00131794
33.3243,0.000269159,0.000718183,0.00171013
33.3487,0.00016618,0.000812466,0.00177285
33.373,0.000139424,0.000865386,0.00190075
33.3974,0.000225101,0.000804698,0.00195711
33.4218,0.0002389,0.000587584,0.00334011
33.4462,0.000360354,0.000464444,0.00236182
33.4706,0.000326178,0.000552418,0.00251157
33.4949,0.000304525,0.000800509,0.00295078
33.5193,0.000238557,0.000647211,0.00200104
33.5437,0.000398605,0.000652836,0.00208605
33.5681,0.000244448,0.00085888,0.00146354
33.5924,0.000237295,0.000805431,0.0020179
33.6168,0.000242843,0.000719572,0.00144729
33.6412,0.000185407,0.000687316,0.0015506
33.6656,0.000388544,0.000607563,0.00149582
33.69,0.000162858,0.000320529,0.00120905
33.7143,0.000288753,0.000383835,0.00199962
33.7387,0.000171772,0.000292675,0.000998572
33.7631,0.000286526,0.00068292,0.000903293
33.7875,0.000303002,0.000237511,0.00106966
33.8118,0.00030823,0.000362551,0.00137645
33.8362,0.000140371,0.000389121,0.00162748
33.8606,0.000304189,0.000598671,0.00087669
33.885,0.000254636,0.000361933,0.00126383
33.9094,0.000296393,0.000293325,0.000768619
33.9337,0.000171455,0.000184029,0.000473263
33.9581,0.000139368,0.000692763,0.00094836
33.9825,0.000123075,0.000612849,0.00119713
34.0069,0.000309077,0.000542006,0.00122418
34.0312,0.000302905,0.000752584,0.00217916
34.0556,0.000296185,0.000857328,0.00207689
34.08,0.000291295,0.000414109,0.00177847
34.1044,0.000313167,0.000659802,0.00243677
34.1288,0.000202754,0.000438463,0.00147052
34.1531,0.000280226,0.00031189,0.00176026
34.1775,0.000369865,0.000719023,0.00171345
34.2019,0.000291826,0.000621359,0.00157452
34.2263,0.000204636,0.000515892,0.00145536
34.2506,0.000285837,0.000783778,0.00175528
34.275,0.000455234,0.000604272,0.00155223
34.2994,0.000382207,0.000576533,0.00216024
34.3238,0.000272594,0.000634926,0.00159687
34.3482,0.000331009,0.000434797,0.00121021
34.3725,0.000342381,0.00040067,0.00188294
34.3969,0.000175156,0.000313527,0.00106728
34.4213,0.000245217,0.000501743,0.00045061
34.4457,0.000270488,0.000717505,0.000639673
34.47,0.000168614,0.000488641,0.000959178
34.4944,0.000190379,0.000449511,0.00145308
34.5188,0.000290331,0.000530849,0.00206827
34.5432,0.000245309,0.000365526,0.000979717
34.5676,0.000288877,0.000403538,0.00122919
34.5919,0.000238746,0.000536916,0.00142274
34.6163,0.000217636,0.00041898,0.000918771
34.6407,0.000414547,0.000533639,0.000901738
34.6651,0.000324702,0.000699692,0.002082
34.6894,0.000366638,0.000556136,0.00146054
34.7138,0.000439152,0.000554665,0.00151384
34.7382,0.000324497,0.000525142,0.00181523
34.7626,0.000289209,0.000447227,0.00206633
34.787,0.000299377,0.000397237,0.00250668
34.8113,0.00017303,0.000712914,0.00128322
34.8357,0.000321924,0.000596421,0.00109552
34.8601,0.000375585,0.000409407,0.00194091
34.8845,0.000428687,0.000433782,0.00183088
34.9088,0.000412435,0.000449923,0.00145752
34.9332,0.000351105,0.000277917,0.0023028
34.9576,0.000298247,0.000294481,0.00164484
34.982,0.000292256,0.000192168,0.000809076
35.0064,0.000240962,0.000231568,0.00148476
35.0307,0.000169601,0.000569954,0.0016528
35.0551,0.000229456,0.000716046,0.00110928
35.0795,0.000343207,0.000447085,0.000796696
35.1039,0.000280994,0.000521738,0.00130829
35.1282,0.000241939,0.000479252,0.00120018
35.1526,0.000272388,0.000575286,0.0011064
35.177,0.000296617,0.000341288,0.00102846
35.2014,0.000210004,0.00028088,0.00146317
35.2258,0.000348309,0.000451665,0.00125603
35.2501,0.000313327,0.000439403,0.00159798
35.2745,0.000279285,0.000447961,0.00210795
35.2989,0.000138389,0.000776817,0.00165449
35.3233,0.000154265,0.00093434,0.00104869
35.3476,0.000198163,0.000472599,0.00149881
35.372,0.00025962,0.00052389,0.00139141
35.3964,0.000273199,0.000697229,0.00136537
35.4208,0.000196946,0.0006431,0.00194669
35.4451,0.00050685,0.000821432,0.00327515
35.4695,0.000732867,0.000577502,0.00289431
35.4939,0.000381225,0.000804203,0.00279593
35.5183,0.000338961,0.000597418,0.00201302
35.5427,0.000411166,0.000656631,0.00293428
35.567,0.000530152,0.00072699,0.00257695
35.5914,0.000380498,0.000702939,0.00135569
35.6158,0.000217508,0.00048819,0.00232573
35.6402,0.000268067,0.000971646,0.00220847
35.6645,0.000375594,0.000729323,0.00224194
35.6889,0.000500183,0.000521917,0.00331575
35.7133,0.000444009,0.000454299,0.00298671
35.7377,0.00026073,0.000499465,0.00124541
35.7621,0.000307866,0.00073601,0.00204963
35.7864,0.000346576,0.000922193,0.00225192
35.8108,0.000212544,0.000659485,0.00104722
35.8352,0.000229226,0.000588856,0.00122395
35.8596,0.000314978,0.00068916,0.00148528
35.8839,0.000222015,0.000400651,0.00096903
35.9083,0.000137298,0.000224529,0.00155262
35.9327,0.000232656,0.000385289,0.00118806
35.9571,0.00038887,0.000695758,0.000785552
35.9815,0.000273414,0.000250024,0.000751861
36.0058,0.000271516,0.000317973,0.000914576
36.0302,0.000337063,0.000385298,0.00137429
36.0546,0.00047652,0.000595523,0.00146406
36.079,0.00042384,0.000314981,0.00147024
36.1033,0.000265082,0.000324988,0.00163935
36.1277,0.00036596,0.000557786,0.00319803
36.1521,0.00033351,0.000677254,0.00284809
36.1765,0.000268386,0.000789587,0.00215601
36.2009,0.000515122,0.000797514,0.0036982
36.2252,0.000530484,0.000559282,0.00284151
36.2496,0.000268633,0.000549545,0.0023649
36.274,0.000488221,0.000366714,0.00202229
36.2984,0.000505617,0.000288988,0.00241363
36.3227,0.000243293,0.00031659,0.00187713
36.3471,0.00031751,0.000427938,0.00196159
36.3715,0.000754132,0.000409964,0.00327389
36.3959,0.00053825,0.000426218,0.00248798
36.4203,0.000292709,0.00056581,0.0015098
36.4446,0.00019317,0.000705507,0.00157517
36.469,0.000442853,0.000516194,0.00192091
36.4934,0.000228209,0.000382244,0.000897196
36.5178,0.000166519,0.000292522,0.000547644
36.5421,0.000156219,0.000402993,0.00142695
36.5665,0.000445234,0.00052555,0.00136592
36.5909,0.000411636,0.000350341,0.000735916
36.6153,0.00026986,0.000376424,0.00140767
36.6397,0.000355389,0.000765973,0.0021787
36.664,0.000509001,0.00058354,0.00276277
36.6884,0.000528282,0.000520673,0.00211158
36.7128,0.000252812,0.000673361,0.00211047
36.7372,0.000321208,0.00030394,0.00283446
36.7615,0.00035357,0.000468581,0.00170613
36.7859,0.000273503,0.000797846,0.00297955
36.8103,0.000295141,0.000476967,0.00258563
36.8347,0.000439057,0.000462046,0.00224475
36.8591,0.000439224,0.000811754,0.00345933
36.8834,0.00041876,0.00066853,0.0033375
36.9078,0.000419408,0.00043847,0.00346684
36.9322,0.000347057,0.00120954,0.00264815
36.9566,0.00029516,0.000822454,0.00219769
36.9809,0.00029304,0.0010719,0.00164585
37.0053,0.000301253,0.00116575,0.00170456
37.0297,0.000167681,0.00073938,0.00177202
37.0541,0.000301767,0.000622609,0.0016414
37.0785,0.000543541,0.000649433,0.00317681
37.1028,0.000284954,0.000437302,0.00252663
37.1272,0.000378852,0.000733891,0.00266803
37.1516,0.000570409,0.00104111,0.00353543
37.176,0.000287889,0.000830056,0.00239328
37.2003,0.000324212,0.000758764,0.00137688
37.2247,0.000517266,0.00093656,0.002429
37.2491,0.000606152,0.000442559,0.00173722
37.2735,0.000270373,0.000490821,0.00100393
37.2979,0.000508974,0.000713867,0.0020652
37.3222,0.000501229,0.000640304,0.00271388
37.3466,0.000486531,0.000340065,0.00192664
37.371,0.000521085,0.000371263,0.00271445
37.3954,0.000405198,0.000544296,0.00136463
37.4197,0.000443004,0.000307548,0.00127876
37.4441,0.000325437,0.000453475,0.00269003
37.4685,0.00044955,0.000364693,0.00234703
37.4929,0.00022468,0.00029616,0.000506434
37.5173,0.000214493,0.000483141,0.00129799
37.5416,0.000142335,0.000604375,0.00298289
37.566,0.000272023,0.000488998,0.00132819
37.5904,0.000298403,0.000327229,0.00226687
37.6148,0.000155216,0.000399388,0.00200608
37.6391,0.000220622,0.000478602,0.0020853
37.6635,0.000626611,0.000313761,0.00198537
37.6879,0.000329131,0.000408923,0.00266126
37.7123,0.000262334,0.000500364,0.00257561
37.7367,0.000365897,0.000309731,0.00161351
37.761,0.000418056,0.000446348,0.0027514
37.7854,0.000318396,0.000653291,0.00299167
37.8098,0.00022327,0.000499727,0.00152986
37.8342,0.000271988,0.000620025,0.00236276
37.8585,0.000151905,0.000914551,0.00197966
37.8829,0.000447299,0.000293669,0.00172246
37.9073,0.000319866,0.000397658,0.00174445
37.9317,0.000280596,0.000293556,0.00179965
37.9561,0.000527396,0.000247694,0.00184689
37.9804,0.000696239,0.000567324,0.00253551
38.0048,0.000198042,0.000741009,0.00141827
38.0292,0.000190006,0.000476772,0.0017814
38.0536,0.00040897,0.000570218,0.00293112
38.0779,0.000382603,0.00065362,0.00224926
38.1023,0.000247018,0.000347656,0.0020319
38.1267,0.000603735,0.000352514,0.00229807
38.1511,0.000361223,0.000467468,0.00291098
38.1754,0.000449202,0.000257914,0.00255011
38.1998,0.000809451,0.000297612,0.00220943
38.2242,0.000371968,0.000322691,0.00161324
38.2486,0.000240932,0.000328081,0.00219325
38.273,0.000326808,0.000193884,0.00208695
38.2973,0.000385342,0.000290195,0.0015148
38.3217,0.000352587,0.000377525,0.00162683
38.3461,0.000334115,0.000364347,0.00153618
38.3705,0.000437345,0.000431101,0.00133802
38.3948,0.000635739,0.000375925,0.00133247
38.4192,0.000614389,0.000214362,0.00207673
38.4436,0.000480725,0.000332559,0.00157153
38.468,0.000484628,0.000188479,0.00108334
38.4924,0.000553837,0.000342844,0.00188763
38.5167,0.000299232,0.000325881,0.00125376
38.5411,0.000439481,0.000475305,0.00119021
38.5655,0.000233091,0.000246648,0.000896235
38.5899,0.000166072,0.000299174,0.00162872
38.6142,0.000446355,0.000568333,0.00179079
38.6386,0.000548124,0.000223707,0.00133783
38.663,0.00017356,0.000267383,0.00122223
38.6874,0.000271337,0.000263194,0.00151204
38.7118,0.000525415,0.000251265,0.00138531
38.7361,0.000311276,0.000220883,0.00208841
38.7605,0.000235101,0.000549593,0.00130506
38.7849,0.000326704,0.000359071,0.00133868
38.8093,0.00025868,0.000265947,0.00119315
38.8336,0.000211459,0.000492439,0.0021442
38.858,0.000292088,0.000199956,0.00107138
38.8824,0.000350392,0.000322015,0.00144074
38.9068,0.000316688,0.00041885,0.00131287
38.9312,0.000206192,0.000386161,0.00103977
38.9555,0.000401985,0.000264099,0.00206765
38.9799,0.000342876,0.000349034,0.00221204
39.0043,0.000249294,0.000600552,0.00140467
39.0287,0.000199216,0.000255039,0.00170141
39.053,0.000413785,0.000403759,0.0016808
39.0774,0.000522594,0.000330609,0.00159222
39.1018,0.000366448,0.000409303,0.00153241
39.1262,0.000458314,0.000454514,0.00143365
39.1506,0.000289132,0.000367918,0.000542786
39.1749,0.000375209,0.000471164,0.00200518
39.1993,0.000380245,0.000787603,0.00228637
39.2237,0.000312119,0.000542357,0.00142858
39.2481,0.000518712,0.000628555,0.00192892
39.2724,0.000611494,0.000792566,0.00236848
39.2968,0.000632619,0.000724135,0.00133174
39.3212,0.000526748,0.0004378,0.00165467
39.3456,0.000675246,0.000651527,0.00286544
39.37,0.000612989,0.000357882,0.00122029
39.3943,0.000567922,0.000355755,0.00215853
39.4187,0.000416863,0.000497004,0.00238546
39.4431,0.000405911,0.000417711,0.00183569
39.4675,0.00050507,0.000349218,0.00289267
39.4918,0.000410143,0.000470727,0.00216919
39.5162,0.00052316,0.000644471,0.00184748
39.5406,0.000351242,0.000382694,0.00130957
39.565,0.000419104,0.000460287,0.00095372
39.5894,0.000326185,0.000646983,0.00160369
39.6137,0.000377254,0.000528627,0.000686581
39.6381,0.000339739,0.000556912,0.000476176
39.6625,0.000371524,0.00037244,0.00127079
39.6869,0.000212118,0.000234854,0.000921924
39.7112,0.000203818,0.000404262,0.000700736
39.7356,0.000213862,0.000504367,0.00094839
39.76,0.000385864,0.00061787,0.0013051
39.7844,0.000326777,0.000596176,0.00159446
39.8088,0.000371172,0.000815262,0.00137426
39.8331,0.000407156,0.000439468,0.00130409
39.8575,0.000373294,0.000401294,0.00133436
39.8819,0.00053588,0.000344108,0.00217405
39.9063,0.000343219,0.000476751,0.00106215
39.9306,0.000400474,0.000315924,0.00177619
39.955,0.000342926,0.000447888,0.00236769
39.9794,0.000356208,0.000767357,0.0023485
40.0038,0.000176773,0.000698058,0.00233202
40.0282,0.000213788,0.000596645,0.00203961
40.0525,0.000305002,0.000717552,0.00245529
40.0769,0.000602784,0.000644269,0.00232665
40.1013,0.000577795,0.00029271,0.00319347
40.1257,0.000346384,0.000450095,0.0026043
40.15,0.000476639,0.00040322,0.00287636
40.1744,0.000701342,0.000687929,0.00300743
40.1988,0.00037909,0.000786553,0.00337166
40.2232,0.000206444,0.000700538,0.00253833
40.2476,0.000269986,0.000584395,0.00147955
40.2719,0.000282545,0.000725417,0.00110035
40.2963,0.000454267,0.000638798,0.0021817
40.3207,0.000630092,0.000797614,0.00200314
40.3451,0.000351953,0.000401264,0.00131008
40.3694,0.000280504,0.000263058,0.00172769
40.3938,0.000675701,0.0003425,0.00296271
40.4182,0.000606257,0.000343267,0.00186078
40.4426,0.000185984,0.000133566,0.00114625
40.467,0.000140933,0.000401366,0.00118165
40.4913,0.000479585,0.000663426,0.00083645
40.5157,0.00041789,0.000381284,0.00153243
40.5401,0.000444856,0.000326201,0.00166888
40.5645,0.000255856,0.000503796,0.000981516
40.5888,0.000400425,0.00057924,0.00151069
40.6132,0.000431856,0.000297331,0.00261743
40.6376,0.00038913,0.000364541,0.00252474
40.662,0.000258943,0.000504798,0.00166855
40.6864,0.0002012,0.000418477,0.00168139
40.7107,0.000421056,0.000375537,0.00263923
40.7351,0.000305144,0.000546092,0.00156995
40.7595,0.00023817,0.000401326,0.00268839
40.7839,0.000205123,0.000486541,0.0013422
40.8082,0.000620371,0.000592152,0.000890348
40.8326,0.00040435,0.000354765,0.00112872
40.857,0.00017164,0.000340825,0.00155661
40.8814,0.000290166,0.000376472,0.00123875
40.9058,0.000354952,0.00054761,0.000802256
40.9301,0.000352857,0.000564462,0.0012955
40.9545,0.000294104,0.000521822,0.00124354
40.9789,0.000214317,0.000234909,0.00105495
41.0033,0.000358376,0.000300906,0.00129428
41.0276,0.000348108,0.000358049,0.000806577
41.052,0.000367063,0.000323376,0.00101546
41.0764,0.000200344,0.000336258,0.00149551
41.1008,0.000144261,0.000352267,0.000931925
41.1251,0.000222274,0.000291386,0.00113011
41.1495,0.00031258,0.000273822,0.00208348
41.1739,0.00036703,0.000287032,0.00169416
41.1983,0.000407236,0.00033313,0.00209082
41.2227,0.000320286,0.000402746,0.00215146
41.247,0.000561703,0.000470463,0.00131388
41.2714,0.000553611,0.000261475,0.00238244
41.2958,0.000429478,0.000111674,0.00186462
41.3202,0.000366625,0.000131576,0.00147664
41.3445,0.000370112,0.000338337,0.00237803
41.3689,0.000451005,0.000360787,0.0028303
41.3933,0.000446159,0.000280613,0.00171489
41.4177,0.000144963,0.000501813,0.00149636
41.4421,0.000392753,0.000480346,0.00271926
41.4664,0.000500579,0.000352535,0.00209689
41.4908,0.000324951,0.000217324,0.00071447
41.5152,0.000260247,0.000394446,0.00219492
41.5396,0.000340982,0.000659798,0.00164225
41.5639,0.000389216,0.000438483,0.00140659
41.5883,0.000313894,0.000472241,0.00155508
41.6127,0.000139147,0.000429702,0.00239171
41.6371,0.000318394,0.000337679,0.00179151
41.6615,0.000286515,0.000419259,0.00224445
41.6858,0.000298934,0.000671061,0.00233829
41.7102,0.000188092,0.000404279,0.00127527
41.7346,0.000144201,0.000702134,0.00203345
41.759,0.000182836,0.000431215,0.00309727
41.7833,0.000469011,0.000769047,0.00297076
41.8077,0.000384142,0.00042253,0.00223534
41.8321,0.000214138,0.00030568,0.00202514
41.8565,0.000458802,0.000588563,0.00356021
41.8809,0.000580701,0.000455583,0.00527994
41.9052,0.00025259,0.000401354,0.00170914
41.9296,0.000242127,0.000597449,0.00218441
41.954,0.000330144,0.000792229,0.00342008
41.9784,0.000462713,0.000463591,0.00407028
42.0027,0.000510136,0.000577729,0.00223129
42.0271,0.00044022,0.000667272,0.00181519
42.0515,0.000575397,0.000580762,0.00231256
42.0759,0.000749121,0.000307314,0.00318618
42.1003,0.000712817,0.000411418,0.00280305
42.1246,0.000253371,0.000299968,0.00100322
42.149,0.000365371,0.000324737,0.00260719
42.1734,0.000415511,0.000370366,0.00288119
42.1978,0.000275325,0.000715456,0.00130544
42.2221,0.000166624,0.000636426,0.0010473
42.2465,0.000243348,0.000442739,0.00131331
42.2709,0.000707424,0.000739184,0.00241425
42.2953,0.000740702,0.000452443,0.00157632
42.3197,0.000412611,0.000441468,0.0018178
42.344,0.00038246,0.000378349,0.00210698
42.3684,0.0005631,0.000372939,0.00166269
42.3928,0.000627032,0.000488112,0.00198784
42.4172,0.000350951,0.000446121,0.00165922
42.4415,0.000277486,0.000207006,0.000981876
42.4659,0.000308851,0.000371423,0.00121315
42.4903,0.000410186,0.000549741,0.00154205
42.5147,0.000337854,0.00023118,0.0018591
42.5391,0.000440821,0.00022631,0.00111977
42.5634,0.000424456,0.000373479,0.00168056
42.5878,0.000354001,0.000400492,0.00230686
42.6122,0.000558818,0.000294254,0.00122405
42.6366,0.000466806,0.000404758,0.00164025
42.6609,0.000464095,0.000526261,0.00218941
42.6853,0.000415655,0.000175759,0.00197827
42.7097,0.000317071,0.000201379,0.00124936
42.7341,0.000214778,0.000256985,0.000840513
42.7585,0.000570932,0.000375141,0.00229215
42.7828,0.00027372,0.000338426,0.00148276
42.8072,0.000335498,0.00041536,0.00134085
42.8316,0.000496482,0.000512848,0.00190725
42.856,0.000617628,0.00030338,0.00249436
42.8803,0.00040866,0.000475274,0.00174923
42.9047,0.000780715,0.000484682,0.00197565
42.9291,0.000304459,0.000398181,0.00236979
42.9535,0.000305359,0.000355136,0.00129266
42.9779,0.000307375,0.000417162,0.00142292
43.0022,0.000242617,0.00066928,0.00176226
43.0266,0.000240223,0.000459257,0.00173052
43.051,0.000388161,0.000365283,0.00125308
43.0754,0.000452304,0.000566078,0.00166645
43.0997,0.000132881,0.000395947,0.00156223
43.1241,0.000302126,0.000292738,0.00174954
43.1485,0.000336188,0.000328284,0.00156254
43.1729,0.000283066,0.000306347,0.00182579
43.1973,0.000233903,0.000338381,0.00172884
43.2216,0.000326524,0.000497568,0.00177703
43.246,0.00039638,0.000442748,0.001969
43.2704,0.000264991,0.000396369,0.00306549
43.2948,0.000200499,0.000275361,0.00207218
43.3191,0.000344309,0.000262168,0.000878347
43.3435,0.000176767,0.000367587,0.00167449
43.3679,0.000260434,0.000244041,0.00323754
43.3923,0.000368077,0.000225094,0.00203248
43.4167,0.000164001,0.000305176,0.000798772
43.441,0.000201536,0.000194917,0.00135911
43.4654,0.00024997,0.000401103,0.00212565
43.4898,0.000294961,0.000278095,0.00180057
43.5142,0.000286896,0.000251884,0.00139057
43.5385,0.000195034,0.000349642,0.00239038
43.5629,0.000202489,0.00026704,0.00253198
43.5873,0.000395669,0.000596638,0.0022933
43.6117,0.000277697,0.000499456,0.00261801
43.6361,0.000112826,0.000464165,0.00279879
43.6604,0.000276934,0.000567919,0.00400015
43.6848,0.00023558,0.000397756,0.00309229
43.7092,0.000358576,0.000526163,0.00267394
43.7336,0.000494212,0.000465591,0.00343401
43.7579,0.000420334,0.00046507,0.00443084
43.7823,0.000310685,0.000616837,0.00481655
43.8067,0.00041729,0.000503885,0.0026888
43.8311,0.0003482,0.000348014,0.00291174
43.8554,0.000253012,0.000617669,0.00384711
43.8798,0.00032622,0.000561092,0.00356943
43.9042,0.000380057,0.000311051,0.00145304
43.9286,0.000562482,0.000625064,0.00316893
43.953,0.000480201,0.000288473,0.00344545
43.9773,0.000444207,0.000348274,0.00282502
44.0017,0.00064724,0.000725532,0.00244453
44.0261,0.000434193,0.00050013,0.00257053
44.0505,0.000443565,0.000300901,0.00318893
44.0748,0.000490665,0.000285924,0.00368248
44.0992,0.000467939,0.000533846,0.00263135
44.1236,0.000256263,0.000344605,0.00196216
44.148,0.000220023,0.000259226,0.00235376
44.1724,0.00024658,0.000343388,0.00202584
44.1967,0.000401192,0.000304517,0.00245142
44.2211,0.000550762,0.000269089,0.0024045
44.2455,0.000318639,0.000293082,0.000853357
44.2699,0.00039731,0.000483868,0.00184633
44.2942,0.000592449,0.000297151,0.00265385
44.3186,0.000324059,0.000148906,0.00110013
44.343,0.000260093,0.000434571,0.00144549
44.3674,0.000172388,0.000533723,0.00215912
44.3918,0.00023229,0.00037119,0.0011411
44.4161,0.00026882,0.000392392,0.00161591
44.4405,0.00027835,0.000530675,0.00213739
44.4649,0.000163218,0.000501417,0.00161998
44.4893,0.000316439,0.000422458,0.00130112
44.5136,0.000505748,0.000391359,0.00163436
44.538,0.000421449,0.000361655,0.00249038
44.5624,0.000495821,0.00030085,0.00170979
44.5868,0.000248389,0.00032881,0.00185905
44.6112,0.000589168,0.000584552,0.00143505
44.6355,0.00033984,0.000558204,0.00187119
44.6599,0.000204583,0.000277596,0.00102158
44.6843,0.000224523,0.000246176,0.000985499
44.7087,0.000240336,0.000439873,0.00154598
44.733,0.000309704,0.000365326,0.00197742
44.7574,0.000265844,0.000225327,0.00151477
44.7818,0.000249989,0.000564522,0.00131577
44.8062,0.00039837,0.000421659,0.0015433
44.8306,0.000462725,0.000363315,0.00142467
44.8549,0.000333706,0.000420113,0.00129864
44.8793,0.000308408,0.000251364,0.00184117
44.9037,0.000457227,0.000229506,0.00204059
44.9281,0.000289195,0.000431946,0.00195826
44.9524,0.000642867,0.000584266,0.00199254
44.9768,0.000326058,0.000302582,0.00195175
45.0012,0.000409334,0.000377904,0.00210785
45.0256,0.000628289,0.000595647,0.00167075
45.05,0.000403989,0.000496907,0.00160957
45.0743,0.000255907,0.00034931,0.0014535
45.0987,0.000214164,0.000356068,0.000818586
45.1231,0.000382265,0.000353617,0.0011135
45.1475,0.000290566,0.000339918,0.00227359
45.1718,0.000170562,0.000306861,0.00166159
45.1962,0.000366493,0.000404791,0.00182127
45.2206,0.000329455,0.000534003,0.0016634
45.245,0.000237703,0.000322959,0.00207082
45.2694,0.000508031,0.000481934,0.00259736
45.2937,0.000375676,0.000329622,0.00192906
45.3181,0.000152261,0.00018945,0.00121441
45.3425,0.000457173,0.000307762,0.00276729
45.3669,0.00038747,0.000158973,0.00173235
45.3912,0.000309816,0.000272348,0.00239335
45.4156,0.00034023,0.000349462,0.00288973
45.44,0.000340425,0.000341481,0.00244794
45.4644,0.00018584,0.00049005,0.00120473
45.4888,0.000261818,0.000621705,0.00308985
45.5131,0.000373515,0.00038049,0.00160295
45.5375,0.000242057,0.000298247,0.00117475
45.5619,0.000379104,0.000273828,0.00123825
45.5863,0.000418943,0.000359126,0.00228906
45.6106,0.000285774,0.000285217,0.00120165
45.635,0.000326436,0.00038287,0.00166979
45.6594,0.000304113,0.000418652,0.0022615
45.6838,0.000327868,0.000365185,0.00193987
45.7082,0.000288574,0.000410426,0.00129582
45.7325,0.000306168,0.000598118,0.00160789
45.7569,0.000191163,0.000495503,0.00256553
45.7813,0.000228985,0.00054383,0.00183329
45.8057,0.000224972,0.000612866,0.00100921
45.83,0.000181695,0.000538274,0.00164105
45.8544,0.000215716,0.000624041,0.0023591
45.8788,0.00032992,0.000431779,0.0015379
45.9032,0.000288456,0.000531573,0.00106416
45.9276,0.000210315,0.000460675,0.00237149
45.9519,0.00025148,0.000409131,0.00221501
45.9763,0.000305202,0.00035312,0.00159635
46.0007,0.00034503,0.000580116,0.00205984
46.0251,0.000249335,0.000205478,0.00149756
46.0494,0.000341429,0.000285255,0.00116472
46.0738,0.000269004,0.000462576,0.0019309
46.0982,0.000259966,0.000350599,0.00183955
46.1226,0.000210464,0.000409435,0.00190326
46.147,0.000285353,0.000330423,0.00301957
46.1713,0.000272066,0.000330614,0.00143012
46.1957,0.000401592,0.000289912,0.00291967
46.2201,0.000383075,0.000524127,0.00350777
46.2445,0.000342448,0.000323118,0.00292527
46.2688,0.000277511,0.000298953,0.00244984
46.2932,0.000295766,0.000461937,0.00200803
46.3176,0.000354186,0.000330117,0.00378193
46.342,0.0002636,0.000135974,0.0022233
46.3664,0.000272967,0.000206055,0.00314592
46.3907,0.000395405,0.000489999,0.00200276
46.4151,0.000566468,0.000422601,0.0024976
46.4395,0.000532177,0.000380808,0.00283115
46.4639,0.000638013,0.000707046,0.00189132
46.4882,0.000641463,0.000494774,0.00212577
46.5126,0.000394468,0.000226078,0.00143393
46.537,0.000206334,0.0006367,0.00168922
46.5614,0.000531976,0.000720848,0.0030475
46.5858,0.00030962,0.000313761,0.00142071
46.6101,0.000318208,0.000658382,0.00106537
46.6345,0.000521809,0.000921802,0.00211644
46.6589,0.000234214,0.000741307,0.00188251
46.6833,0.000351265,0.000576757,0.000721582
46.7076,0.000385098,0.000658413,0.00149445
46.732,0.000272702,0.000471693,0.001465
46.7564,0.000342903,0.000361064,0.00140583
46.7808,0.000258074,0.00033962,0.0013743
46.8051,0.000221587,0.000446369,0.00138366
46.8295,0.000264985,0.00039193,0.000785243
46.8539,0.000270117,0.000516803,0.00176863
46.8783,0.000282969,0.000485377,0.00233706
46.9027,0.000315344,0.000627758,0.00171611
46.927,0.000241774,0.000377423,0.000775337
46.9514,0.000165688,0.000518461,0.0024301
46.9758,0.000262446,0.000317471,0.00218745
47.0002,0.000359865,0.000180961,0.00171282
47.0245,0.000353606,0.000247331,0.00146541
47.0489,0.000227728,0.000238525,0.00305033
47.0733,0.000297243,0.000383713,0.00268106
47.0977,0.000284093,0.000260426,0.00174023
47.1221,0.000353025,0.000274589,0.00152108
47.1464,0.000221507,0.000333053,0.00319848
47.1708,0.00012708,0.000367843,0.00362998
47.1952,0.000303887,0.0004623,0.00245397
47.2196,0.000299069,0.0004415,0.00135383
47.2439,0.000243643,0.000449331,0.00275554
47.2683,0.000359562,0.000392901,0.00346678
47.2927,0.000221486,0.000273996,0.00235451
47.3171,0.000248105,0.000327898,0.00260809
47.3415,0.000287669,0.000366647,0.00248231
47.3658,0.000302058,0.000448022,0.00285103
47.3902,0.0001894,0.000594985,0.00285425
47.4146,0.000236692,0.000457135,0.00274347
47.439,0.000177533,0.000741035,0.00144762
47.4633,0.000173391,0.000713803,0.00175193
47.4877,0.000294661,0.000377866,0.00315718
47.5121,0.000185854,0.000696603,0.00196252
47.5365,0.000185858,0.00092971,0.00110548
47.5609,0.000283637,0.00039607,0.00134979
47.5852,0.000318308,0.000685242,0.00260785
47.6096,0.000192921,0.000976271,0.00176856
47.634,0.000453092,0.000711103,0.00195693
47.6584,0.000340222,0.000411795,0.00228858
47.6827,0.000183045,0.00077376,0.00157595
47.7071,0.000143567,0.000626703,0.00131545
47.7315,0.000197574,0.00036998,0.00157321
47.7559,0.000218282,0.000623435,0.00127911
47.7803,0.00024925,0.000772202,0.00101942
47.8046,0.000395371,0.000341085,0.00123378
47.829,0.00031832,0.00035788,0.0015321
47.8534,0.000446309,0.00053712,0.00123583
47.8778,0.000352418,0.000580904,0.00117013
47.9021,0.000559839,0.000578992,0.00120303
47.9265,0.000291112,0.000434807,0.00228697
47.9509,0.000317933,0.000713466,0.00170521
47.9753,0.000203849,0.000642267,0.000906884
47.9997,0.000360005,0.000639525,0.00201444
48.024,0.000235525,0.000274328,0.00156111
48.0484,0.000231492,0.000670374,0.00103725
48.0728,0.000315226,0.000598689,0.00160944
48.0972,0.000420295,0.000358067,0.00250377
48.1215,0.000224068,0.000465128,0.00144963
48.1459,0.000268143,0.000503846,0.00250002
48.1703,0.000338489,0.000299109,0.00192312
48.1947,0.00025726,0.000268052,0.0010605
48.2191,0.000335218,0.000446885,0.00281992
48.2434,0.000341272,0.000240366,0.00216783
48.2678,0.00015306,0.000308625,0.00135441
48.2922,0.000339776,0.000331933,0.00128525
48.3166,0.000458078,0.000325518,0.00293413
48.3409,0.000224365,0.000351853,0.0017345
48.3653,0.00021088,0.000215905,0.00184552
48.3897,0.000639191,0.000235163,0.00257141
48.4141,0.000498637,0.000271553,0.00159216
48.4385,0.000437617,0.000135761,0.00179697
48.4628,0.00049923,0.000110537,0.00148576
48.4872,0.00032963,0.000147185,0.00162463
48.5116,0.000353587,0.000157062,0.00124662
48.536,0.000417507,0.000303203,0.000812867
48.5603,0.000380904,0.000269625,0.00221846
48.5847,0.000325006,0.000377383,0.00144481
48.6091,0.000502887,0.000328498,0.00081941
48.6335,0.000362633,0.000327755,0.0020777
48.6579,0.00034526,0.000359786,0.00215165
48.6822,0.000406969,0.000571698,0.00173454
48.7066,0.000259882,0.000483127,0.00193104
48.731,0.000134635,0.000486416,0.00215478
48.7554,0.000230013,0.000669786,0.00156014
48.7797,0.000252217,0.000393307,0.00189637
48.8041,0.000269086,0.000593934,0.00183588
48.8285,0.000355281,0.00071298,0.0025099
48.8529,0.000317566,0.000355719,0.00190535
48.8773,0.000323227,0.000499118,0.00224527
48.9016,0.000310349,0.000642364,0.00217909
48.926,0.000427643,0.000371175,0.00213463
48.9504,0.000246544,0.000273498,0.00239475
48.9748,0.000145752,0.000783701,0.00166237
48.9991,0.00030717,0.000561044,0.00144414
49.0235,0.000360624,0.000521053,0.00212483
49.0479,0.000465075,0.000592828,0.00221519
49.0723,0.000290198,0.000556765,0.00222092
49.0967,0.000272554,0.00029801,0.00150148
49.121,0.000310656,0.000288052,0.00134233
49.1454,0.00036865,0.000256599,0.00202719
49.1698,0.000236155,0.000233943,0.0023842
49.1942,0.000182897,0.000203178,0.00125213
49.2185,0.00026374,0.000260527,0.000649111
49.2429,0.000461971,0.000177249,0.00182993
49.2673,0.00028878,0.000317463,0.00212152
49.2917,0.000213891,0.00027228,0.00161255
49.3161,0.00022101,0.000249511,0.00128468
49.3404,0.000241407,0.00023502,0.00158739
49.3648,0.000272112,0.000373029,0.00195598
49.3892,0.000295651,0.00073955,0.00176984
49.4136,0.00016817,0.000479637,0.00120654
49.4379,0.000278359,0.000457215,0.00175395
49.4623,0.000346604,0.000440545,0.00258226
49.4867,0.000308794,0.000508286,0.00222526
49.5111,0.000342827,0.000448306,0.00215714
49.5354,0.000442443,0.00040135,0.00222032
49.5598,0.000289108,0.000712874,0.00217603
49.5842,0.000197117,0.000739721,0.00197007
49.6086,0.000280654,0.000569146,0.00216929
49.633,0.000240145,0.000577478,0.0020319
49.6573,0.000336886,0.000736404,0.00193259
49.6817,0.000313946,0.000580819,0.00168545
49.7061,0.000347864,0.000397192,0.00186585
49.7305,0.000315117,0.000894117,0.00232353
49.7548,0.00040716,0.000451583,0.00200262
49.7792,0.000194741,0.000281954,0.00127068
49.8036,0.000191178,0.000537291,0.00140021
49.828,0.000216133,0.000503852,0.00184968
49.8524,0.000308747,0.000521472,0.00202726
49.8767,0.000375162,0.000377249,0.00109783
49.9011,0.000488454,0.000709129,0.00157789
